problem,max,factorable,context
3x^2 - 21x + 30 = 0,5,True,"To factor the equation 3x^2 - 21x + 30 = 0, we can first divide all terms by 3 to simplify it:

x^2 - 7x + 10 = 0

Now, let's try to factor this quadratic equation:

(x - 5)(x - 2) = 0

Setting each factor to zero gives us the roots:

x - 5 = 0 or x - 2 = 0
x = 5 or x = 2

Therefore, the roots of the quadratic equation 3x^2 - 21x + 30 = 0 are x = 5 and x = 2."
2x^2 - 10x + 8 = 0,5,True,"To factor the quadratic equation 2x^2 - 10x + 8 = 0, we look for two numbers that multiply to 2*8 = 16 and add up to -10. The numbers that satisfy these conditions are -2 and -8. 

Therefore, we can rewrite the equation as:

2x^2 - 10x + 8 = (2x + 2)(x - 4) = 0

Setting each factor to zero, we get:

2x + 2 = 0 or x - 4 = 0

Solving for x, we get:

2x = -2 or x = 4

x = -1 or x = 4

Therefore, the roots of the quadratic equation 2x^2 - 10x + 8 = 0 are x = -1 and x = 4."
4x^2 - 28x + 40 = 0,5,True,"4x^2 - 28x + 40 = 0

First, let's see if we can simplify the equation by factoring out a common factor:

4(x^2 - 7x + 10) = 0

Now, we can try to factor the quadratic expression inside the parentheses:

4(x - 5)(x - 2) = 0

Setting each factor to zero gives us:

x - 5 = 0     or     x - 2 = 0

So, the roots of the equation are x = 5 and x = 2."
4x^2 - 24x + 20 = 0,5,True,"To factor the equation 4x^2 - 24x + 20 = 0, we can start by factoring out the greatest common factor, which is 4:

4(x^2 - 6x + 5) = 0

Next, we need to factor the quadratic expression inside the parentheses. We are looking for two numbers that multiply to 5 (the constant term) and add up to -6 (the coefficient of the x term). The two numbers are -5 and -1. So, we can rewrite the equation as:

4(x - 5)(x - 1) = 0

Now, we can set each factor to zero and solve for x:

x - 5 = 0  or  x - 1 = 0

x = 5   or   x = 1

Therefore, the roots of the quadratic equation 4x^2 - 24x + 20 = 0 are x = 5 and x = 1."
3x^2 - 24x + 45 = 0,5,True,"To factor the quadratic equation 3x^2 - 24x + 45 = 0, we first divide each term by the coefficient of x^2:
x^2 - 8x + 15 = 0

Next, we need to find two numbers that multiply to 15 (the constant term) and add up to -8 (the coefficient of the x term). The numbers that fit these criteria are -5 and -3.

Therefore, the factored form of the equation is:
(x - 5)(x - 3) = 0

Setting each factor to zero, we find the roots:
x - 5 = 0 or x - 3 = 0
x = 5 or x = 3

So, the roots of the quadratic equation 3x^2 - 24x + 45 = 0 are x = 5 and x = 3."
2x^2 - 12x + 18 = 0,5,True,"The quadratic equation 2x^2 - 12x + 18 = 0 can be factored as:

2(x^2 - 6x + 9) = 0
2(x - 3)^2 = 0

Now, setting each factor to 0:

x - 3 = 0
x = 3

Therefore, the root of the quadratic equation 2x^2 - 12x + 18 = 0 is x = 3."
2x^2 - 6x + 4 = 0,5,True,"To factor the quadratic equation 2x^2 - 6x + 4 = 0, we first factor out the common factor of 2:

2(x^2 - 3x + 2) = 0

Next, we need to find two numbers that multiply to 2 and add up to -3. Those numbers are -2 and -1. So we can factor further:

2(x - 2)(x - 1) = 0

Setting each factor to zero gives us:

x - 2 = 0 or x - 1 = 0

Solving for x, we get:

x = 2 or x = 1

Therefore, the roots of the equation 2x^2 - 6x + 4 = 0 are x = 2 and x = 1."
1x^2 - 8x + 15 = 0,5,True,"The given quadratic equation is 1x^2 - 8x + 15 = 0.

To factor the equation, we need to find two numbers that multiply to 15 (the constant term) and add up to -8 (the coefficient of the x term).

The two numbers that satisfy these conditions are -3 and -5. Therefore, we can rewrite the equation as:

1x^2 - 3x - 5x + 15 = 0
x(x - 3) - 5(x - 3) = 0
(x - 5)(x - 3) = 0

Now we can set each factor to zero to find the roots:

x - 5 = 0   or   x - 3 = 0

x = 5   or   x = 3

Therefore, the roots of the quadratic equation 1x^2 - 8x + 15 = 0 are x = 5 and x = 3."
3x^2 - 27x + 60 = 0,5,True,"The equation is 3x^2 - 27x + 60 = 0

Step 1: Divide by 3 to simplify the equation: x^2 - 9x + 20 = 0

Step 2: Factor the quadratic equation: (x - 5)(x - 4) = 0

Therefore, the roots of the equation are x = 5 and x = 4."
2x^2 - 6x + 4 = 0,5,True,"2x^2 - 6x + 4 = 0
2(x^2 - 3x + 2) = 0
2(x - 2)(x - 1) = 0

Therefore, the roots of the quadratic equation 2x^2 - 6x + 4 = 0 are x = 2 and x = 1."
5x^2 - 50x + 127 = 0,5,False,"The equation 5x^2 - 50x + 127 = 0 can be factored as (5x - 17)(x - 7) = 0.

Setting each factor to zero gives two potential solutions:
5x - 17 = 0 or x - 7 = 0
5x = 17 or x = 7
x = 17/5 or x = 7

Therefore, the roots of the equation are x = 17/5 or x = 7."
3x^2 - 21x + 37 = 0,5,False,"Unfortunately, the quadratic equation 3x^2 - 21x + 37 = 0 cannot be factored easily. Therefore, we will use the quadratic formula to find the roots.

The quadratic formula is given by: x = (-b ± √(b^2 - 4ac)) / 2a

In our equation, a = 3, b = -21, and c = 37.

Plugging these values into the quadratic formula:
x = (21 ± √((-21)^2 - 4*3*37)) / 2*3
x = (21 ± √(441 - 444)) / 6
x = (21 ± √(-3)) / 6

Since the square root of -3 is an imaginary number, the roots of the equation are complex numbers. Therefore, the roots of the equation 3x^2 - 21x + 37 = 0 are:

x = (21 ± √(-3)) / 6
x = (21 ± i√3) / 6

Therefore, the roots are:
x = (21 + i√3) / 6
x = (21 - i√3) / 6"
5x^2 - 30x + 27 = 0,5,False,"To factor the quadratic equation 5x^2 - 30x + 27 = 0, we first look for two numbers that multiply to 5*27=135 and add up to -30. Since there are no two such numbers, we cannot factor this quadratic equation.

Now, let's use the quadratic formula to find the roots of the equation:

The quadratic formula is x = (-b ± √(b^2 - 4ac)) / 2a.

For the equation 5x^2 - 30x + 27 = 0, a=5, b=-30, and c=27.

Plugging these values into the quadratic formula, we get:

x = (30 ± √((-30)^2 - 4*5*27)) / 2*5
x = (30 ± √(900 - 540)) / 10
x = (30 ± √360) / 10
x = (30 ± 6√10) / 10

Therefore, the roots of the quadratic equation 5x^2 - 30x + 27 = 0 are:

x = (30 + 6√10) / 10
x = 3 + √10

and

x = (30 - 6√10) / 10
x = 3 - √10"
2x^2 - 10x + 17 = 0,5,False,"Since the quadratic equation 2x^2 - 10x + 17 = 0 cannot be factored easily, we will use the quadratic formula to find the roots.

The quadratic formula is given by:
x = (-b ± √(b^2 - 4ac)) / 2a

In the given equation, a = 2, b = -10, and c = 17.

Let's substitute the values into the formula:
x = (10 ± √((-10)^2 - 4*2*17)) / (2*2)
x = (10 ± √(100 - 136)) / 4
x = (10 ± √(-36)) / 4
x = (10 ± 6i) / 4
x = 5 ± 3i/2

Therefore, the roots of the equation 2x^2 - 10x + 17 = 0 are:
x = 5 + 3i/2
x = 5 - 3i/2"
1x^2 - 4x + 7 = 0,5,False,"The quadratic equation $1x^2 - 4x + 7 = 0$ cannot be factored using integers. So, I will use the quadratic formula to find the roots of the equation.

The quadratic formula is given by: 

$x = \frac{-b \pm \sqrt{b^2 - 4ac}}{2a}$

In this equation, a = 1, b = -4, and c = 7.

Plugging these values into the formula, we get:

$x = \frac{4 \pm \sqrt{(-4)^2 - 4(1)(7)}}{2(1)}$

$x = \frac{4 \pm \sqrt{16 - 28}}{2}$

$x = \frac{4 \pm \sqrt{-12}}{2}$

$x = \frac{4 \pm 2i\sqrt{3}}{2}$

Simplifying further, we get:

$x = 2 \pm i\sqrt{3}$

Therefore, the roots of the given quadratic equation are: 

$x = 2 + i\sqrt{3}$ and $x = 2 - i\sqrt{3}$."
3x^2 - 18x + 25 = 0,5,False,"The equation 3x^2 - 18x + 25 = 0 cannot be factored easily using integer factors. Therefore, I will use the quadratic formula to find the roots of the equation.

The quadratic formula is given by:
x = (-b ± √(b^2 - 4ac)) / 2a

In the given equation, a = 3, b = -18, and c = 25. Substituting these values into the formula, we get:
x = (18 ± √((-18)^2 - 4*3*25)) / 2*3
x = (18 ± √(324 - 300)) / 6
x = (18 ± √24) / 6
x = (18 ± 4√6) / 6

Therefore, the roots of the quadratic equation 3x^2 - 18x + 25 = 0 are:
x = (18 + 4√6) / 6
x = 3 + 2√6

and
x = (18 - 4√6) / 6
x = 3 - 2√6."
2x^2 - 12x + 20 = 0,5,False,"2x^2 - 12x + 20 = 0

Dividing all terms by 2 to simplify:

x^2 - 6x + 10 = 0

Unfortunately, this quadratic equation cannot be factored easily so I will use the quadratic formula:

The quadratic formula is given by x = (-b ± √(b^2 - 4ac)) / (2a)

For the equation x^2 - 6x + 10 = 0, we have:
a = 1, b = -6, c = 10

Plugging these values into the quadratic formula:

x = (6 ± √((-6)^2 - 4*1*10)) / (2*1)
x = (6 ± √(36 - 40)) / 2
x = (6 ± √(-4)) / 2
x = (6 ± 2i) / 2

Therefore, the roots of the equation 2x^2 - 12x + 20 = 0 are:

x = 3 + i
x = 3 - i

where i is the imaginary unit."
5x^2 - 30x + 29 = 0,5,False,"Given equation: 5x^2 - 30x + 29 = 0

To factor this equation, we need to find two numbers that multiply to 5*29 = 145 (product of the coefficient of x^2 term and the constant term) and add up to -30 (coefficient of x term).

The two numbers that satisfy these conditions are -29 and -5.

So, we can rewrite the equation as:

5x^2 - 29x - 5x + 29 = 0

Factor by grouping:

5x(x - 5) - 29(x - 5) = 0

(x - 5)(5x - 29) = 0

Setting each factor to zero:

x - 5 = 0 or 5x - 29 = 0

x = 5 or x = 29/5

Therefore, the roots of the quadratic equation 5x^2 - 30x + 29 = 0 are x = 5 and x = 29/5."
5x^2 - 35x + 61 = 0,5,False,"The equation is 5x^2 - 35x + 61 = 0.

To factor, we need to find two numbers that multiply to 5*61 = 305 and add up to -35.

The two numbers are -25 and -12:

5x^2 - 25x - 12x + 61 = 0
5x(x - 5) - 12(x - 5) = 0
(5x - 12)(x - 5) = 0

Now, we set each factor to zero:
5x - 12 = 0
5x = 12
x = 12/5

x - 5 = 0
x = 5

Therefore, the roots of the quadratic equation 5x^2 - 35x + 61 = 0 are x = 12/5 and x = 5."
2x^2 - 10x + 13 = 0,5,False,"The quadratic equation 2x^2 - 10x + 13 = 0 cannot be factored. 

Therefore, we will use the quadratic formula to find the roots of the equation. The quadratic formula is given by x = (-b ± √(b^2 - 4ac)) / 2a.

For the equation 2x^2 - 10x + 13 = 0,
a = 2, b = -10, c = 13.

Plugging these values into the formula, we get:
x = (10 ± √((-10)^2 - 4*2*13)) / 2*2
x = (10 ± √(100 - 104)) / 4
x = (10 ± √(-4)) / 4
x = (10 ± 2i) / 4
x = 5 ± 0.5i

Therefore, the roots of the quadratic equation 2x^2 - 10x + 13 = 0 are:
x = 5 + 0.5i and x = 5 - 0.5i."
5x^2 - 80x + 320 = 0,10,True,"Dividing each term in the equation by 5 to simplify:

x^2 - 16x + 64 = 0

This equation can be factored as (x-8)(x-8) = 0

So, the only root of the equation x = 8."
10x^2 - 110x + 100 = 0,10,True,"We start by finding two numbers that multiply to 10*100=1000 and add to -110:
The two numbers are -100 and -10. Then, we can rewrite the equation as follows:
10x^2 - 100x - 10x + 100 = 0
Factor by grouping:
10x(x - 10) - 10(x - 10) = 0
(10x - 10)(x - 10) = 0

Setting each factor to 0, we get:
10x - 10 = 0   ->   10x = 10   ->   x = 1
x - 10 = 0       ->   x = 10

Therefore, the two roots of the quadratic equation 10x^2 - 110x + 100 = 0 are x=1 and x=10."
3x^2 - 33x + 54 = 0,10,True,"The equation is 3x^2 - 33x + 54 = 0.

First, divide the equation by 3 to simplify it:
x^2 - 11x + 18 = 0

Now, let's try to factor the equation:
(x - 2)(x - 9) = 0

Setting each factor to zero gives us the roots:
x - 2 = 0   -->   x = 2
x - 9 = 0   -->   x = 9

So, the roots of the quadratic equation 3x^2 - 33x + 54 = 0 are x = 2 and x = 9."
5x^2 - 35x + 30 = 0,10,True,"To factor the quadratic equation 5x^2 - 35x + 30 = 0, we need to find two numbers that multiply to 5*30=150 and add up to -35. The numbers are -30 and -5.

So, the equation can be factored as:

5x^2 - 30x - 5x + 30 = 0
5x(x - 6) - 5(x - 6) = 0
(5x - 5)(x - 6) = 0
5(x - 1)(x - 6) = 0

Setting each factor to zero gives us the roots:

x - 1 = 0  => x = 1
x - 6 = 0  => x = 6

Therefore, the roots of the quadratic equation 5x^2 - 35x + 30 = 0 are x = 1 and x = 6."
10x^2 - 70x + 120 = 0,10,True,"10x^2 - 70x + 120 = 0

To factor this quadratic equation, I first divide all the terms by 10 to simplify it:

x^2 - 7x + 12 = 0

Now, I want to find two numbers that multiply to 12 (the constant term) and add up to -7 (the coefficient of the x-term). The two numbers are -4 and -3.

So, I can rewrite the equation in factored form as:

(x - 4)(x - 3) = 0

Setting each factor to zero gives the roots of the equation:

x - 4 = 0
x = 4

and

x - 3 = 0
x = 3

Therefore, the roots of the quadratic equation 10x^2 - 70x + 120 = 0 are x = 4 and x = 3."
3x^2 - 27x + 60 = 0,10,True,"Factoring the quadratic equation 3x^2 - 27x + 60 = 0, we get:

3x^2 - 27x + 60 = 0
3(x^2 - 9x + 20) = 0
3(x - 4)(x - 5) = 0

Setting each factor to zero:

x - 4 = 0 or x - 5 = 0
x = 4 or x = 5

Therefore, the roots of the equation 3x^2 - 27x + 60 = 0 are x = 4 and x = 5."
3x^2 - 30x + 63 = 0,10,True,"To factor the quadratic equation 3x^2 - 30x + 63 = 0, we first divide all terms by 3 to simplify the equation:

x^2 - 10x + 21 = 0

Now, we need to find two numbers that multiply to 21 (the constant term) and add up to -10 (the coefficient of the x term). The two numbers that satisfy these conditions are -7 and -3.

Therefore, we can factor the equation as:

(x - 7)(x - 3) = 0

Setting each factor to zero, we have:

x - 7 = 0   or   x - 3 = 0

Solving for x in each case:

x = 7   or   x = 3

Therefore, the roots of the quadratic equation 3x^2 - 30x + 63 = 0 are x = 7 and x = 3."
9x^2 - 126x + 405 = 0,10,True,"To factor the equation 9x^2 - 126x + 405 = 0, we can first factor out the common factor of 9:

9(x^2 - 14x + 45) = 0

Now we look for two numbers that multiply to 45 and add up to -14. The numbers are -9 and -5.

So, we can rewrite the equation as:

9(x - 9)(x - 5) = 0

Setting each factor to zero gives us the roots:

x - 9 = 0   ->   x = 9
x - 5 = 0   ->   x = 5

Therefore, the roots of the quadratic equation 9x^2 - 126x + 405 = 0 are x = 9 and x = 5."
1x^2 - 10x + 21 = 0,10,True,"1x^2 - 10x + 21 = 0

To factor this equation, we need to find two numbers that multiply to 21 and add up to -10. The numbers that fit this criteria are -7 and -3.

Therefore, the factored form of the equation is:

1x^2 - 7x - 3x + 21 = 0
x(x - 7) - 3(x - 7) = 0
(x - 3)(x - 7) = 0

Now, we can find the roots by setting each factor to zero:

x - 3 = 0    or    x - 7 = 0
x = 3              x = 7

Therefore, the roots of the quadratic equation are x = 3 and x = 7."
7x^2 - 84x + 224 = 0,10,True,"Factor the equation 7x^2 - 84x + 224 = 0.

We can simplify the equation by dividing all terms by 7:

x^2 - 12x + 32 = 0

Now, let's try to factorize this quadratic equation:

(x - 4)(x - 8) = 0

Setting each factor to zero gives us the roots:

x - 4 = 0   or   x - 8 = 0

x = 4           or     x = 8

Therefore, the roots of the quadratic equation 7x^2 - 84x + 224 = 0 are x = 4 and x = 8."
8x^2 - 48x + 43 = 0,10,False,"To factor the quadratic equation 8x^2 - 48x + 43 = 0, we need to find two numbers that multiply to 8*43 = 344 and add up to -48. Since 344 cannot be factored easily, it seems like factoring may not be the best approach.

Next, let's solve the equation using the quadratic formula:

The quadratic formula is given by x = (-b ± √(b^2 - 4ac)) / 2a.

In this case, the coefficients are a = 8, b = -48, and c = 43.

Plugging these values into the formula, we get:

x = (48 ± √((-48)^2 - 4*8*43)) / 2*8
x = (48 ± √(2304 - 1376)) / 16
x = (48 ± √928) / 16
x = (48 ± √(16*58)) / 16
x = (48 ± 4√58) / 16
x = 3 ± √58

Therefore, the roots of the equation 8x^2 - 48x + 43 = 0 are x = 3 + √58 and x = 3 - √58."
1x^2 - 20x + 106 = 0,10,False,"The equation 1x^2 - 20x + 106 = 0 cannot be factored easily. So, I will use the quadratic formula to find the roots.

The quadratic formula is given by:

x = (-b ± √(b^2 - 4ac)) / 2a

In the given equation, a = 1, b = -20, and c = 106. Plugging these values into the formula, we get:

x = (20 ± √((-20)^2 - 4*1*106)) / 2*1
x = (20 ± √(400 - 424)) / 2
x = (20 ± √(-24)) / 2
x = (20 ± 4.899) / 2

Therefore, the roots of the quadratic equation 1x^2 - 20x + 106 = 0 are approximately:

x = (20 + 4.899) / 2 = 12.4505
x = (20 - 4.899) / 2 = 7.5495"
1x^2 - 8x + 11 = 0,10,False,"To factor the quadratic equation 1x^2 - 8x + 11 = 0, we need to find two numbers that multiply to 11 (coefficient of the constant term) and add up to -8 (coefficient of the x term).

The two numbers are -1 and -11. So, we can rewrite the equation as:

1x^2 - 1x - 11x + 11 = 0
x(x - 1) - 11(x - 1) = 0
(x - 1)(x - 11) = 0

Therefore, the roots of the quadratic equation 1x^2 - 8x + 11 = 0 are x = 1 and x = 11."
8x^2 - 72x + 66 = 0,10,False,"The given quadratic equation is 8x^2 - 72x + 66 = 0.

First, let's divide all terms by 2 to simplify the equation:
4x^2 - 36x + 33 = 0

Now let's try to factor the equation: 
4x^2 - 36x + 33 = (4x - 3)(x - 11) = 0

Setting each factor to zero gives:
4x - 3 = 0  or  x - 11 = 0
4x = 3   or   x = 11
x = 3/4    or    x = 11

So the roots of the quadratic equation 8x^2 - 72x + 66 = 0 are x = 3/4 or x = 11."
4x^2 - 64x + 258 = 0,10,False,"The equation is 4x^2 - 64x + 258 = 0.

To factor this equation, we need to find two numbers that multiply to 4 * 258 = 1032 and add up to -64.

The factors of 1032 are 12 and 86.

Rewriting the middle term -64x as -12x - 52x, we get:

4x^2 - 12x - 52x + 258 = 0

Factor by grouping:

4x(x - 3) - 52(x - 3) = 0

(x - 3)(4x - 52) = 0

(x - 3)(4x - 52) = 0

Now we can solve for x:

x - 3 = 0 or 4x - 52 = 0

x = 3 or 4x = 52

x = 13

Therefore, the roots of the quadratic equation 4x^2 - 64x + 258 = 0 are x = 3 and x = 13."
5x^2 - 90x + 409 = 0,10,False,"Given equation: 5x^2 - 90x + 409 = 0

To factor this equation, we need to find two numbers that multiply to 5*409=2045 and add up to -90.

The two numbers are -41 and -49:

5x^2 - 41x - 49x + 409 = 0
5x(x - 41) - 49(x - 41) = 0
(5x - 49)(x - 41) = 0

Now we can set each factor to zero:

5x - 49 = 0    or    x - 41 = 0
5x = 49            x = 41
x = 49/5

Therefore, the roots of the quadratic equation 5x^2 - 90x + 409 = 0 are x = 49/5 and x = 41."
8x^2 - 56x + 97 = 0,10,False,"The equation 8x^2 - 56x + 97 = 0 cannot be factored easily. Let's use the quadratic formula to find the roots of the equation.

The quadratic formula is given by:

x = (-b ± √(b^2 - 4ac)) / 2a

In this equation, a = 8, b = -56, and c = 97.

Plugging these values into the formula, we get:

x = (56 ± √((-56)^2 - 4*8*97)) / (2*8)
x = (56 ± √(3136 - 3104)) / 16
x = (56 ± √32) / 16

Now, let's simplify this:

x = (56 ± 4√2) / 16
x = 14 ± √2

Therefore, the roots of the quadratic equation 8x^2 - 56x + 97 = 0 are:

x = 14 + √2
x = 14 - √2"
9x^2 - 27x + 21 = 0,10,False,"The equation can be factored as:

9x^2 - 27x + 21 = 0
3(3x^2 - 9x + 7) = 0

Since the trinomial inside the parentheses cannot be factored further, we will use the quadratic formula to find the roots of the equation.

The quadratic formula is given as:
x = (-b ± sqrt(b^2 - 4ac)) / 2a

In this case, a = 9, b = -27, and c = 21. Plugging these values into the formula:

x = (27 ± sqrt((-27)^2 - 4*9*21)) / 2*9
x = (27 ± sqrt(729 - 756)) / 18
x = (27 ± sqrt(-27)) / 18
x = (27 ± 3i√3) / 18

Therefore, the roots of the quadratic equation 9x^2 - 27x + 21 = 0 are:
x = (27 + 3i√3) / 18 and x = (27 - 3i√3) / 18"
4x^2 - 44x + 46 = 0,10,False,"4x^2 - 44x + 46 = 0
2(2x^2 - 22x + 23) = 0

Now, let's try to factor 2x^2 - 22x + 23:

2x^2 - 22x + 23 = 0
2x^2 - 20x - 2x + 23 = 0
2x(x - 10) - 2(x - 10) = 0
(2x - 2)(x - 10) = 0

Now we have factored the equation successfully:

(2x - 2)(x - 10) = 0

Setting each factor to zero:

2x - 2 = 0 or x - 10 = 0
2x = 2 or x = 10
x = 1 or x = 10

Therefore, the roots of the quadratic equation 4x^2 - 44x + 46 = 0 are x = 1 and x = 10."
7x^2 - 42x + 44 = 0,10,False,"To factor the equation 7x^2 - 42x + 44 = 0, we first divide all the terms by 7 to simplify it:

x^2 - 6x + 6.29 = 0

Now let's see if this can be factored:

(x - 3.05)(x - 1.95) = 0

Therefore, the roots of the quadratic equation 7x^2 - 42x + 44 = 0 are x = 3.05 and x = 1.95."
2x^2 - 52x + 336 = 0,15,True,"The given equation is:

2x^2 - 52x + 336 = 0

First, let's factor out the common factor of 2:

2(x^2 - 26x + 168) = 0

Now, let's try to factor the quadratic inside the parentheses:

2(x - 12)(x - 14) = 0

Setting each factor to zero:

x - 12 = 0   or   x - 14 = 0

Solving for x:

x = 12   or   x = 14

So, the roots of the quadratic equation 2x^2 - 52x + 336 = 0 are x = 12 or x = 14."
12x^2 - 216x + 780 = 0,15,True,"First, we divide the entire equation by the common factor of 12:

x^2 - 18x + 65 = 0

Next, we attempt to factor the quadratic equation:

(x - 13)(x - 5) = 0

Setting each factor to zero gives:

x - 13 = 0 or x - 5 = 0

So, the roots of the equation are x = 13 and x = 5."
6x^2 - 72x + 66 = 0,15,True,"To factor the equation 6x^2 - 72x + 66 = 0, let's first simplify it by dividing all terms by 6:
x^2 - 12x + 11 = 0

Now, let's try to factor the simplified equation:
(x - 11)(x - 1) = 0

The factored form of the equation is (x - 11)(x - 1) = 0.

Setting each factor to zero gives:
x - 11 = 0    or    x - 1 = 0
x = 11              x = 1

Therefore, the roots of the quadratic equation 6x^2 - 72x + 66 = 0 are x = 11 and x = 1."
2x^2 - 50x + 312 = 0,15,True,"The equation 2x^2 - 50x + 312 = 0 can be factored as follows:

2x^2 - 50x + 312 = 0
2(x^2 - 25x + 156) = 0
2(x - 12)(x - 13) = 0

Setting each factor to zero, we get:

x - 12 = 0    or    x - 13 = 0

So, x = 12 or x = 13 are the roots of the quadratic equation 2x^2 - 50x + 312 = 0."
2x^2 - 38x + 176 = 0,15,True,"First, I'll try solving this equation by factoring.

2x^2 - 38x + 176 = 0

This equation can be factored as:

2x^2 - 16x - 22x + 176 = 0
2x(x - 8) - 22(x - 8) = 0
(2x - 22)(x - 8) = 0

Setting each factor to zero, we get:

2x - 22 = 0 or x - 8 = 0
2x = 22 or x = 8
x = 11 or x = 8

So, the roots of the quadratic equation 2x^2 - 38x + 176 = 0 are x = 11 and x = 8."
5x^2 - 60x + 175 = 0,15,True,"To factor the quadratic equation 5x^2 - 60x + 175 = 0, we need to find two numbers that multiply to 5*175=875 and add up to -60. Unfortunately, there are no such numbers that satisfy this condition.

Therefore, we have to use the quadratic formula to find the roots of the equation.

The quadratic formula is given by:

x = (-b ± √(b^2 - 4ac)) / 2a

In this equation, a = 5, b = -60, and c = 175.

Plugging these values into the formula, we get:

x = (60 ± √((-60)^2 - 4*5*175)) / 2*5
x = (60 ± √(3600 - 3500)) / 10
x = (60 ± √100) / 10
x = (60 ± 10) / 10

So, the roots of the equation 5x^2 - 60x + 175 = 0 are:

x = (60 + 10) / 10 = 70 / 10 = 7
x = (60 - 10) / 10 = 50 / 10 = 5

Therefore, the roots of the quadratic equation are x = 7 and x = 5."
15x^2 - 240x + 945 = 0,15,True,"To factor the quadratic equation 15x^2 - 240x + 945 = 0, we need to find two numbers that multiply to 15*945 = 14175 and add up to -240.

The pairs of factors of 14175 are:
1, 14175
3, 4725
5, 2835
9, 1575
15, 945
25, 567
27, 525
45, 315
75, 189
81, 175
105, 135

Since we want the sum to be -240, we see that -105 and -135 are a pair that satisfy this condition. So, we can rewrite the middle term -240x as -105x - 135x.

Now, we can factor by grouping:
15x^2 - 240x + 945 = 15x^2 - 105x - 135x + 945
= 15x(x - 7) - 135(x - 7)
= (15x - 135)(x - 7)
= 15(x - 9)(x - 7)

Therefore, the roots of the quadratic equation 15x^2 - 240x + 945 = 0 are x = 9 and x = 7."
14x^2 - 196x + 630 = 0,15,True,"The equation is 14x^2 - 196x + 630 = 0.

First, I can simplify the equation by dividing all terms by 14:
x^2 - 14x + 45 = 0.

Now, I'll try to factor this quadratic equation:
(x - 9)(x - 5) = 0.

Setting each factor to zero:
x - 9 = 0 or x - 5 = 0.
x = 9 or x = 5.

Therefore, the roots of the quadratic equation 14x^2 - 196x + 630 = 0 are x = 9 and x = 5."
8x^2 - 192x + 1120 = 0,15,True,"8x^2 - 192x + 1120 = 0

To factor this equation, we need to find two numbers that multiply to 8 * 1120 = 8960 and add up to -192. The two numbers are -80 and -112.

8x^2 - 192x + 1120 = 8(x^2 - 24x + 140)
                  = 8(x - 10)(x - 14)

So the roots of the equation are x = 10 and x = 14."
2x^2 - 36x + 154 = 0,15,True,"2x^2 - 36x + 154 = 0

To factor this quadratic equation, we need to find two numbers that multiply to 2*154 = 308 and add up to -36.

The factors of 308 are: 1, 2, 4, 7, 11, 14, 22, 28, 44, 77, 154, 308

After trying different combinations, we find that -28 and -11 satisfy the conditions.

Therefore, we can factor the equation as:

2x^2 - 36x + 154 = 2(x^2 - 18x + 77) = 2(x - 11)(x - 7)

Setting each factor to zero:

x - 11 = 0 or x - 7 = 0

Solving for x, we get:

x = 11 or x = 7

Therefore, the roots of the quadratic equation 2x^2 - 36x + 154 = 0 are x = 11 and x = 7."
9x^2 - 171x + 760 = 0,15,False,"The given quadratic equation is 9x^2 - 171x + 760 = 0.

To factor this equation, we need to find two numbers that multiply to 9*760=6840 (the product of the coefficient of x^2 and the constant term) and add up to -171 (the coefficient of x).

The two numbers are -60 and -114.

Therefore, we can rewrite the equation as:

9x^2 - 60x - 114x + 760 = 0

Now, factor by grouping:

3x(3x - 20) - 38(3x - 20) = 0

(3x - 38)(3x - 20) = 0

Now, set each factor to zero:

3x - 38 = 0  or 3x - 20 = 0

3x = 38  or 3x = 20

x = 38/3  or x = 20/3

Therefore, the roots of the equation 9x^2 - 171x + 760 = 0 are x = 38/3 or x = 20/3."
4x^2 - 28x + 60 = 0,15,False,"Factor out a common factor of 4:

4(x^2 - 7x + 15) = 0

Now let's try to factor the quadratic expression inside the parentheses:

We need two numbers that multiply to 15 and add up to -7. The numbers -5 and -3 fit these criteria.

Therefore, the factored form of the equation is:

4(x - 5)(x - 3) = 0

Setting each factor to zero to solve for x:

x - 5 = 0
x = 5

x - 3 = 0
x = 3

So the roots of the quadratic equation 4x^2 - 28x + 60 = 0 are x = 5 and x = 3."
6x^2 - 102x + 190 = 0,15,False,"The equation 6x^2 - 102x + 190 = 0 can be factored as:

6(x^2 - 17x + 19) = 0

To find the roots, we need to solve for x in the equation x^2 - 17x + 19 = 0. Unfortunately, this quadratic equation cannot be factored further, so we'll use the quadratic formula:

The quadratic formula is x = (-b ± √(b^2 - 4ac)) / 2a

For our equation x^2 - 17x + 19 = 0, the values of a, b, and c are:

a = 1, b = -17, c = 19

Substitute these values into the formula:

x = (17 ± √((-17)^2 - 4*1*19)) / 2*1
x = (17 ± √(289 - 76)) / 2
x = (17 ± √213) / 2

Therefore, the roots of the equation 6x^2 - 102x + 190 = 0 are:

x = (17 + √213) / 2 and x = (17 - √213) / 2."
15x^2 - 255x + 1000 = 0,15,False,"Let's try to factor the quadratic equation 15x^2 - 255x + 1000 = 0.

The first step is to find two numbers that multiply to 15 * 1000 = 15000 and add up to -255.

Let's list the factors of 15000:
1, 2, 3, 4, 5, 6, 8, 10, 12, 15, 20, 24, 25, 30, 40, 50, 60, 75, 100, 120, 125, 150, 200, 250, 300, 375, 500, 600, 750, 1000, 1500, 3000

After trying different combinations, we see that -240 and -15 add up to -255 and multiply to 15000.

So, we can rewrite the middle term -255x as -240x - 15x.

15x^2 - 240x - 15x + 1000 = 0
=> 15x(x - 16) - 15(x - 16) = 0
=> (15x - 15)(x - 16) = 0
=> 15(x - 1)(x - 16) = 0

Therefore, the roots of the equation 15x^2 - 255x + 1000 = 0 are x = 1 and x = 16."
14x^2 - 168x + 295 = 0,15,False,"The equation 14x^2 - 168x + 295 = 0 cannot be factored easily. Therefore, I will use the quadratic formula to find the roots.

The quadratic formula is given by: x = (-b ± √(b^2 - 4ac)) / 2a

In this equation, a = 14, b = -168, and c = 295.

Plugging these values into the formula, we get:
x = (168 ± √((-168)^2 - 4*14*295)) / 2*14
x = (168 ± √(28224 - 16520)) / 28
x = (168 ± √11704) / 28
x = (168 ± 108) / 28

Therefore, the roots of the equation 14x^2 - 168x + 295 = 0 are:
x = (168 + 108) / 28 = 276 / 28 = 9
x = (168 - 108) / 28 = 60 / 28 = 2.14

So, the roots of the given quadratic equation are x = 9 and x = 2.14."
3x^2 - 21x + 37 = 0,15,False,"The equation 3x^2 - 21x + 37 = 0 cannot be factored easily using simple integer values. Therefore, I'll use the quadratic formula to find the roots.

The quadratic formula is given by x = (-b ± √(b^2 - 4ac)) / 2a.

In this equation, a = 3, b = -21, and c = 37.

Plugging these values into the formula, we get:

x = (21 ± √((-21)^2 - 4(3)(37))) / 2(3)
x = (21 ± √(441 - 444)) / 6
x = (21 ± √(-3)) / 6

Since the square root of a negative number is imaginary, the roots are complex numbers.

Therefore, the roots of the equation 3x^2 - 21x + 37 = 0 are:

x = (21 + √(-3)) / 6 and x = (21 - √(-3)) / 6."
12x^2 - 120x + 204 = 0,15,False,"First, I'll simplify the equation by dividing all terms by the common factor of 12:

x^2 - 10x + 17 = 0

Since this equation doesn't seem to factor easily, I'll use the quadratic formula to find the roots. The quadratic formula is given by:

x = (-b ± √(b^2 - 4ac)) / 2a

In this case, a = 1, b = -10, and c = 17. Plugging these values into the formula, we get:

x = (10 ± √((-10)^2 - 4*1*17)) / 2*1

x = (10 ± √(100 - 68)) / 2

x = (10 ± √32) / 2

x = (10 ± 4√2) / 2

Now, we have two possible roots:

x1 = (10 + 4√2) / 2 = 5 + 2√2

x2 = (10 - 4√2) / 2 = 5 - 2√2

Therefore, the roots of the quadratic equation 12x^2 - 120x + 204 = 0 are x = 5 + 2√2 and x = 5 - 2√2."
6x^2 - 114x + 543 = 0,15,False,"To factor the quadratic equation 6x^2 - 114x + 543 = 0, we need to find two numbers that multiply to 6*543=3258 and add up to -114.

The two numbers are -39 and -75. 

Therefore, we can rewrite the equation as:

6x^2 - 39x - 75x + 543 = 0

Factor by grouping:

3x(2x - 13) - 3(2x - 13) = 0

(3x - 3)(2x - 13) = 0

3(x - 1)(2x - 13) = 0

Now, we can solve for x:

x = 1 or x = 13/2

So, the roots of the equation 6x^2 - 114x + 543 = 0 are x = 1 and x = 13/2."
1x^2 - 13x + 43 = 0,15,False,"The factored form of the equation is:
(1x - 4)(1x - 9) = 0

Setting each factor to zero gives the roots:
1x - 4 = 0 -> 1x = 4 -> x = 4
1x - 9 = 0 -> 1x = 9 -> x = 9

So, the roots of the quadratic equation 1x^2 - 13x + 43 = 0 are x = 4 and x = 9."
12x^2 - 168x + 543 = 0,15,False,"To factor the quadratic equation 12x^2 - 168x + 543 = 0, I need to find two numbers that multiply to 12*543=6516 and add up to -168.

The factors of 6516 are:
1, 6516
2, 3258
3, 2172
4, 1629
6, 1086
9, 724
12, 543

By testing different combinations, I find that -57 and -111 are the numbers that add up to -168 and multiply to 12*543=6516.

Therefore, the factored form of the equation is:
12x^2 - 168x + 543 = 0
12x^2 - 57x - 111x + 543 = 0
3x(4x - 19) - 111(4x - 19) = 0
(3x - 111)(4x - 19) = 0

Setting each factor to zero gives:
3x - 111 = 0 or 4x - 19 = 0
3x = 111 or 4x = 19
x = 37 or x = 4.75

Therefore, the roots of the quadratic equation 12x^2 - 168x + 543 = 0 are x = 37 and x = 4.75."
19x^2 - 589x + 4446 = 0,20,True,"19x^2 - 589x + 4446 = 0

First, I'll look for two numbers that multiply to 19*4446=84534 and add up to -589. I find that -189 and -400 fit these criteria.

So, the equation can be factored as:

19x^2 - 589x + 4446 = (19x - 189)(x - 400) = 0

Setting each factor to zero gives:

19x - 189 = 0
x = 189/19
x = 9

and

x - 400 = 0
x = 400

Therefore, the roots of the quadratic equation 19x^2 - 589x + 4446 = 0 are x = 9 and x = 400."
3x^2 - 87x + 612 = 0,20,True,"To factor the equation 3x^2 - 87x + 612 = 0, we look for two numbers that multiply to 3 * 612 = 1836 and add up to -87.

The pair of numbers that satisfy these conditions are -36 and -51.

Therefore, we can factor the equation as:

3x^2 - 87x + 612 = 0
3x^2 - 36x - 51x + 612 = 0
3x(x - 12) - 51(x - 12) = 0
(3x - 51)(x - 12) = 0

Setting each factor to zero gives:

3x - 51 = 0 or x - 12 = 0
3x = 51 or x = 12
x = 17 or x = 12

Therefore, the roots of the quadratic equation 3x^2 - 87x + 612 = 0 are x = 17 and x = 12."
19x^2 - 285x + 950 = 0,20,True,"The equation 19x^2 - 285x + 950 = 0 can be factored as (x - 5)(19x - 190) = 0.

Setting each factor to zero, we get:
x - 5 = 0   or   19x - 190 = 0
x = 5         or   19x = 190
                         x = 10

Therefore, the roots of the quadratic equation 19x^2 - 285x + 950 = 0 are x = 5 and x = 10."
11x^2 - 220x + 704 = 0,20,True,"11x^2 - 220x + 704 = 0

After finding the factors of 11 and 704, we see that they are not very straightforward to factor.

Next, I'll use the quadratic formula to find the roots of the equation.

Quadratic formula: x = (-b ± √(b^2 - 4ac)) / 2a

Given the equation ax^2 + bx + c = 0, we can see that a = 11, b = -220, and c = 704.

Plugging in the values into the formula, we get:
x = (220 ± √((-220)^2 - 4*11*704)) / (2*11)
x = (220 ± √(48400 - 31072)) / 22
x = (220 ± √17328) / 22
x = (220 ± 131.6) / 22

Therefore, the roots of the equation 11x^2 - 220x + 704 = 0 are:
x = (220 + 131.6) / 22 ≈ 15.98
x = (220 - 131.6) / 22 ≈ 4.46

So, the roots of the given quadratic equation are approximately x ≈ 15.98 and x ≈ 4.46."
11x^2 - 374x + 3168 = 0,20,True,"We can factor the equation as:

11x^2 - 374x + 3168 = 0
11x^2 - 242x - 132x + 3168 = 0
11x(x - 22) - 132(x - 22) = 0
(11x - 132)(x - 22) = 0

Setting each factor to zero gives us:

11x - 132 = 0 --> 11x = 132 --> x = 12
x - 22 = 0 --> x = 22

Therefore, the roots of the quadratic equation 11x^2 - 374x + 3168 = 0 are x = 12 and x = 22."
8x^2 - 80x + 192 = 0,20,True,"First, I'll simplify the equation by dividing all terms by 8:
x^2 - 10x + 24 = 0

Now, let's see if we can factor this quadratic equation:
(x - 6)(x - 4) = 0

Now, we set each factor to zero to find the roots:
x - 6 = 0
x = 6

x - 4 = 0
x = 4

Therefore, the roots of the quadratic equation 8x^2 - 80x + 192 = 0 are x = 6 and x = 4."
7x^2 - 77x + 126 = 0,20,True,"7x^2 - 77x + 126 = 0

First, I'll factor out the GCF (greatest common factor) of 7:

7(x^2 - 11x + 18) = 0

Now, I need to find two numbers that multiply to 18 (the constant term) and add up to -11 (the coefficient of the linear term). The numbers are -9 and -2.

Therefore, the factored form of the equation is:

7(x - 9)(x - 2) = 0

Setting each factor to zero gives:

x - 9 = 0   or   x - 2 = 0

Solving for x:

x = 9   or   x = 2

So, the roots of the quadratic equation 7x^2 - 77x + 126 = 0 are x = 9 and x = 2."
11x^2 - 253x + 836 = 0,20,True,"To factor the quadratic equation 11x^2 - 253x + 836 = 0:

11x^2 - 253x + 836 = 0
We need to find two numbers that multiply to 11*836 = 9196 and add up to -253. The two numbers are -43 and -213.

11x^2 - 43x - 213x + 836 = 0
11x(x - 43) - 213(x - 43) = 0
(11x - 213)(x - 43) = 0
Therefore, the equation can be factored as:

(11x - 213)(x - 43) = 0
Setting each factor to zero gives:

11x - 213 = 0 or x - 43 = 0
11x = 213 or x = 43
x = 213/11 or x = 43

So, the roots of the quadratic equation 11x^2 - 253x + 836 = 0 are x = 213/11 or x = 43."
13x^2 - 156x + 260 = 0,20,True,"Given quadratic equation: 13x^2 - 156x + 260 = 0

Let's first simplify the equation by dividing all the terms by 13:
x^2 - 12x + 20 = 0

Now, let's try to factor the quadratic equation:
(x - 10)(x - 2) = 0

Setting each factor to zero gives us:
x - 10 = 0 or x - 2 = 0
x = 10 or x = 2

Therefore, the roots of the quadratic equation 13x^2 - 156x + 260 = 0 are x = 10 and x = 2."
13x^2 - 130x + 117 = 0,20,True,"The equation is 13x^2 - 130x + 117 = 0.

To factor this equation, we need to find two numbers that multiply to 13*117=1521 and add up to -130.

The two numbers are -13 and -117.

So, our factored equation is:
13x^2 - 130x + 117 = 0
13x^2 - 117x - 13x + 117 = 0
13x(x - 9) - 13(x - 9) = 0
(13x - 13)(x - 9) = 0
13(x - 1)(x - 9) = 0

Setting each factor to zero:
13x - 13 = 0      or      x - 9 = 0
13x = 13                  x = 9
x = 1

So, the roots of the equation 13x^2 - 130x + 117 = 0 are x = 1 and x = 9."
13x^2 - 247x + 1015 = 0,20,False,"The equation 13x^2 - 247x + 1015 = 0 does not factor easily, so I will use the quadratic formula to find the roots.

The quadratic formula is x = (-b ± √(b^2 - 4ac)) / 2a

In this equation, a = 13, b = -247, and c = 1015.

Plugging these values into the formula, we get:

x = (247 ± √((-247)^2 - 4*13*1015)) / 2*13
x = (247 ± √(61009 - 52660)) / 26
x = (247 ± √8349) / 26
x = (247 ± 91) / 26

So the roots of the equation are:

x1 = (247 + 91) / 26 = 338 / 26 = 13
x2 = (247 - 91) / 26 = 156 / 26 = 6

Therefore, the roots of the quadratic equation 13x^2 - 247x + 1015 = 0 are x = 13 and x = 6."
2x^2 - 68x + 592 = 0,20,False,"The quadratic equation 2x^2 - 68x + 592 can be factored as follows:
2x^2 - 68x + 592 = 2(x^2 - 34x + 296)

To factor x^2 - 34x + 296, we look for two numbers that multiply to 296 (the constant term) and add up to -34 (the coefficient of x).
The numbers are -8 and -29, since -8 * -29 = 296 and -8 + (-29) = -34.

So, we can rewrite x^2 - 34x + 296 as:
x^2 - 8x - 29x + 296
x(x - 8) - 29(x - 8)
(x - 8)(x - 29)

Therefore, the roots of the equation 2x^2 - 68x + 592 = 0 are x = 8 and x = 29."
17x^2 - 476x + 3278 = 0,20,False,"17x^2 - 476x + 3278 = 0

After trying different factor pairs of 17 and 3278, it does not appear that this equation can be factored easily. Therefore, I will use the quadratic formula to find the roots of the equation.

The quadratic formula is x = (-b ± √(b^2 - 4ac)) / 2a

In this case, a = 17, b = -476, and c = 3278.

Plugging in these values:

x = (476 ± √((-476)^2 - 4*17*3278)) / 2*17
x = (476 ± √(226576 - 222236)) / 34
x = (476 ± √4340) / 34
x = (476 ± 65.85) / 34

Therefore, the roots of the quadratic equation 17x^2 - 476x + 3278 = 0 are:
x1 = (476 + 65.85) / 34 = 17.39
x2 = (476 - 65.85) / 34 = 10.88"
12x^2 - 276x + 1095 = 0,20,False,"The equation is \(12x^2 - 276x + 1095 = 0\).

Let's factor it by using the standard form of the quadratic equation \(ax^2 + bx + c = 0\)

We have:
a = 12, b = -276 and c = 1095.

The equation can be factored as:
\(12x^2 - 276x + 1095 = 0\) 
\(=> 12x^2 - 180x - 96x + 1095 = 0\) 
\(=> 12x(x - 15) - 3(32x - 365) = 0\) 
\(=> (12x - 365)(x - 3) = 0\)

Setting each factor to zero gives:
\(12x - 365 = 0\) or \(x - 3 = 0\)
\(x = \frac{365}{12}\) or \(x = 3\)

Therefore, the roots of the quadratic equation are \( x = \frac{365}{12} \) or \( x = 3 \)."
18x^2 - 234x + 409 = 0,20,False,"The equation 18x^2 - 234x + 409 = 0 cannot be factored easily, so I will use the quadratic formula to find the roots.

The quadratic formula is given by: x = (-b ± √(b^2 - 4ac)) / 2a

In this equation, a = 18, b = -234, and c = 409.

Plugging these values into the formula, we get:
x = (234 ± √((-234)^2 - 4*18*409)) / 2*18
x = (234 ± √(54756 - 29448)) / 36
x = (234 ± √25308) / 36

x = (234 ± 159.07) / 36

This gives us two possible solutions:
x = (234 + 159.07) / 36 = 393.07 / 36 ≈ 10.918
x = (234 - 159.07) / 36 = 74.93 / 36 ≈ 2.081

Therefore, the roots of the quadratic equation 18x^2 - 234x + 409 = 0 are approximately 10.918 and 2.081."
3x^2 - 48x + 118 = 0,20,False,"The quadratic equation 3x^2 - 48x + 118 = 0 doesn't seem to factor easily, so I'll use the quadratic formula to find the roots.

The quadratic formula is given by: x = (-b ± √(b^2 - 4ac)) / 2a

For the equation 3x^2 - 48x + 118 = 0, a = 3, b = -48, and c = 118.

Plugging these values into the formula, we get:
x = (48 ± √((-48)^2 - 4*3*118)) / 2*3
x = (48 ± √(2304 - 1416)) / 6
x = (48 ± √888) / 6
x = (48 ± 29.8) / 6

Therefore, the roots of the equation are:
x = (48 + 29.8) / 6 ≈ 12.13
x = (48 - 29.8) / 6 ≈ 3.03

So, the roots of the quadratic equation 3x^2 - 48x + 118 = 0 are approximately 12.13 and 3.03."
9x^2 - 207x + 821 = 0,20,False,"Unfortunately, this equation cannot be factored easily. So, I will use the quadratic formula to find the roots of the equation:

Given equation: 9x^2 - 207x + 821 = 0

Quadratic formula: x = (-b ± √(b^2 - 4ac)) / 2a

Here, a = 9, b = -207, and c = 821

Plugging in the values, we get:

x = (207 ± √((-207)^2 - 4*9*821)) / 2*9
x = (207 ± √(42489 - 29556)) / 18
x = (207 ± √12933) / 18
x = (207 ± 113.7) / 18

Now, we find the roots:
x = (207 + 113.7) / 18 = 320.7 / 18 ≈ 17.82
x = (207 - 113.7) / 18 = 93.3 / 18 ≈ 5.18

The roots of the quadratic equation 9x^2 - 207x + 821 = 0 are approximately 17.82 and 5.18."
8x^2 - 192x + 1043 = 0,20,False,"The equation 8x^2 - 192x + 1043 = 0 does not appear to factor easily. Therefore, I will proceed to use the quadratic formula to find the roots of the equation.

The quadratic formula is x = (-b ± √(b^2 - 4ac)) / 2a, where the equation is in the form ax^2 + bx + c = 0.

In this case, a = 8, b = -192, and c = 1043.

Plugging these values into the formula, we get:
x = (192 ± √((-192)^2 - 4*8*1043)) / 2*8
x = (192 ± √(36864 - 33488)) / 16
x = (192 ± √336) / 16
x = (192 ± 18.33) / 16

Now we calculate both roots:
x = (192 + 18.33) / 16 = 210.33 / 16 = 13.145
x = (192 - 18.33) / 16 = 173.67 / 16 = 10.855

Therefore, the roots of the equation 8x^2 - 192x + 1043 = 0 are 13.145 and 10.855."
18x^2 - 216x + 497 = 0,20,False,"The equation 18x^2 - 216x + 497 = 0 cannot be factored easily. Therefore, I will use the quadratic formula to find the roots.

The quadratic formula is given by:
x = (-b ± √(b^2 - 4ac)) / 2a

In this equation, a = 18, b = -216, and c = 497.

Plugging these values into the formula, we get:
x = (216 ± √((-216)^2 - 4*18*497)) / 2*18
x = (216 ± √(46656 - 35604)) / 36
x = (216 ± √11052) / 36
x = (216 ± 105.1) / 36

Therefore, the roots of the quadratic equation 18x^2 - 216x + 497 = 0 are:
x1 = (216 + 105.1) / 36 ≈ 8.75
x2 = (216 - 105.1) / 36 ≈ 4.86

Hence, the roots of the equation are approximately x = 8.75 or x = 4.86."
7x^2 - 133x + 247 = 0,20,False,"The equation is 7x^2 - 133x + 247 = 0.

The factors of 7 are 1 and 7, and the factors of 247 are 1 and 247. 

Let's try different combinations:
(7x - 19)(x - 13) = 0

Expanding the equation:
7x^2 - 91x - 19x + 247 = 7x^2 - 110x + 247

Since -110 does not equal -133, these factors are not correct.

Let's try the quadratic formula to find the roots:

The quadratic formula is x = (-b ± √(b^2 - 4ac)) / 2a

For the equation 7x^2 - 133x + 247 = 0, a = 7, b = -133, and c = 247.

Plugging these values into the formula:
x = (133 ± √((-133)^2 - 4*7*247)) / 2*7
x = (133 ± √(17689 - 6916)) / 14
x = (133 ± √10773) / 14
x = (133 ± 103.78) / 14

This gives two possible solutions:
x = (133 + 103.78) / 14 = 17.27
x = (133 - 103.78) / 14 = 2.02

Therefore, the roots of the quadratic equation 7x^2 - 133x + 247 = 0 are x = 17.27 and x = 2.02."
18x^2 - 486x + 900 = 0,25,True,"18x^2 - 486x + 900 = 0

Divide by 18 to simplify:

x^2 - 27x + 50 = 0

Now, let's try to factor this equation:

(x - 25)(x - 2) = 0

Setting each factor to zero:

x - 25 = 0
x = 25

x - 2 = 0
x = 2

Therefore, the roots of the equation are x = 25 and x = 2."
18x^2 - 810x + 9108 = 0,25,True,"The equation is 18x^2 - 810x + 9108 = 0.

First, factor out the greatest common factor, which is 18:
18(x^2 - 45x + 506) = 0.

Now, let's factor the quadratic expression x^2 - 45x + 506 by finding two numbers that multiply to 506 and add up to -45. The numbers are -11 and -46.

Therefore, the factored form of the equation is:
18(x - 11)(x - 46) = 0.

Setting each factor to zero gives us:
x - 11 = 0, x - 46 = 0
x = 11, x = 46.

The roots of the quadratic equation 18x^2 - 810x + 9108 = 0 are x = 11 and x = 46."
5x^2 - 240x + 2875 = 0,25,True,"The equation 5x^2 - 240x + 2875 = 0 can be factored as (5x - 95)(x - 30) = 0.

Setting each factor to zero gives the roots:

5x - 95 = 0
5x = 95
x = 19

and

x - 30 = 0
x = 30

So, the roots of the quadratic equation 5x^2 - 240x + 2875 = 0 are x = 19 and x = 30."
17x^2 - 357x + 1768 = 0,25,True,"Looking at the equation 17x^2 - 357x + 1768 = 0, it does not seem easily factorable. Therefore, I will use the quadratic formula to find the roots of the equation.

The quadratic formula is x = (-b ± √(b^2 - 4ac)) / 2a.

For the given equation 17x^2 - 357x + 1768 = 0, a = 17, b = -357, and c = 1768.

Plugging these values into the quadratic formula, we get:
x = (357 ± √((-357)^2 - 4*17*1768)) / 2*17
x = (357 ± √(127449 - 120128)) / 34
x = (357 ± √(7321)) / 34
x = (357 ± 85) / 34

So, the roots of the equation 17x^2 - 357x + 1768 = 0 are:
x = (357 + 85) / 34 = 442 / 34 = 13
x = (357 - 85) / 34 = 272 / 34 = 8

Therefore, the roots of the quadratic equation 17x^2 - 357x + 1768 = 0 are x = 13 and x = 8."
15x^2 - 450x + 2640 = 0,25,True,"Dividing all terms by 15, we get:
x^2 - 30x + 176 = 0

This quadratic equation is not easily factorable, so let's use the quadratic formula:

x = (-(-30) ± √((-30)^2 - 4(1)(176))) / (2(1))
x = (30 ± √(900 - 704)) / 2
x = (30 ± √196) / 2
x = (30 ± 14) / 2

Therefore, the roots are:
x = (30 + 14)/2 = 44/2 = 22
x = (30 - 14)/2 = 16/2 = 8

Hence, the roots of the quadratic equation 15x^2 - 450x + 2640 = 0 are x = 22 and x = 8."
5x^2 - 140x + 935 = 0,25,True,"5x^2 - 140x + 935 = 0

Factors of 5*935 = 4675 that add up to -140 are -85 and -55.

5x^2 - 85x - 55x + 935 = 0

5x(x - 17) - 55(x - 17) = 0

(x - 17)(5x - 55) = 0

Now, set each factor to zero:

x - 17 = 0 or 5x - 55 = 0

x = 17 or x = 11

Therefore, the roots of the quadratic equation 5x^2 - 140x + 935 = 0 are x = 17 and x = 11."
21x^2 - 504x + 2688 = 0,25,True,"To factor the equation 21x^2 - 504x + 2688 = 0, first divide all the terms by 21 to simplify:

x^2 - 24x + 128 = 0

Now we need to find two numbers that multiply to 128 and add up to -24. The numbers that fulfill these conditions are -16 and -8.

Therefore, we can write the equation as a product of two binomials:

(x - 16)(x - 8) = 0

Setting each factor to zero gives us the roots:

x - 16 = 0
x = 16

x - 8 = 0
x = 8

So, the roots of the equation 21x^2 - 504x + 2688 = 0 are x = 16 and x = 8."
3x^2 - 39x + 120 = 0,25,True,"To factor the quadratic equation 3x^2 - 39x + 120 = 0, we need to find two numbers that multiply to 3 * 120 = 360 and add up to -39. The two numbers are -15 and -24.

Therefore, the factored form of the equation is:
3x^2 - 39x + 120 = (3x - 15)(x - 8) = 0

Setting each factor to zero, we get:
3x - 15 = 0         or           x - 8 = 0
3x = 15                             x = 8
x = 5                                 

So, the roots of the quadratic equation 3x^2 - 39x + 120 = 0 are x = 5 and x = 8."
2x^2 - 52x + 306 = 0,25,True,"2x^2 - 52x + 306 = 0

Dividing the entire equation by 2 to simplify:

x^2 - 26x + 153 = 0

Now, I'll try to factorize the equation:

(x - 17)(x - 9) = 0

Setting each factor to zero gives:

x - 17 = 0   or   x - 9 = 0

x = 17    or    x = 9

Therefore, the roots of the quadratic equation 2x^2 - 52x + 306 = 0 are x = 17 and x = 9."
19x^2 - 874x + 10032 = 0,25,True,"The equation is: 19x^2 - 874x + 10032 = 0

After trying to find factors of 19 and 10032 that add up to -874, it seems that this equation cannot be factored easily.

So, now I'll use the quadratic formula to find the roots of the equation:

The equation for finding the roots of a quadratic equation in the form of ax^2 + bx + c = 0 is:
x = (-b ± sqrt(b^2 - 4ac)) / 2a

For the given equation, a = 19, b = -874, and c = 10032.

Plugging these values into the quadratic formula:

x = (874 ± sqrt((-874)^2 - 4 * 19 * 10032)) / (2 * 19)
x = (874 ± sqrt(763876 - 764064)) / 38
x = (874 ± sqrt(-188)) / 38
x = (874 ± sqrt(188)i) / 38
x = (874 ± 2sqrt(47)i) / 38

Therefore, the roots of the quadratic equation 19x^2 - 874x + 10032 = 0 are:
x = (874 + 2sqrt(47)i) / 38
x = (874 - 2sqrt(47)i) / 38"
7x^2 - 70x + 170 = 0,25,False,"To factor the equation 7x^2 - 70x + 170 = 0, we first divide each term by 7 to simplify it:

x^2 - 10x + 24 = 0

Now, we need to find two numbers that multiply to 24 (the constant term) and add up to -10 (the coefficient of the x term). The two numbers are -6 and -4:

(x - 6)(x - 4) = 0

Now, we set each factor to 0 and solve for x:

x - 6 = 0
x = 6

x - 4 = 0
x = 4

Therefore, the roots of the equation 7x^2 - 70x + 170 = 0 are x = 6 and x = 4."
1x^2 - 33x + 246 = 0,25,False,"To factor the quadratic equation 1x^2 - 33x + 246 = 0, we need to find two numbers that multiply to 246 and add up to -33. The numbers that satisfy these conditions are -6 and -41.

Therefore, the factored form of the equation is (x - 6)(x - 41) = 0.

Setting each factor to zero will give us the roots of the equation:
x - 6 = 0 or x - 41 = 0
x = 6 or x = 41

So, the roots of the equation 1x^2 - 33x + 246 = 0 are x = 6 and x = 41."
24x^2 - 696x + 3706 = 0,25,False,"The given equation is 24x^2 - 696x + 3706 = 0.

First, let's divide all terms by 2 to simplify the equation:

12x^2 - 348x + 1853 = 0

Now, let's try to factor this quadratic equation:

The factors of 12 are (1, 12) and (2, 6)

The factors of 1853 are (1, 1853)

Since 1853 is a prime number, we cannot factor it any further.

Let's try different combinations:

(12x - 43)(x - 43) = 0

Simplifying:

12x - 43 = 0
x = 43/12

or

x - 43 = 0
x = 43

The roots of the quadratic equation 24x^2 - 696x + 3706 = 0 are x = 43/12 or x = 43."
23x^2 - 920x + 9117 = 0,25,False,"23x^2 - 920x + 9117 = 0

By factoring the equation, we get:

23x^2 - 920x + 9117 = 0
23x^2 - 345x - 575x + 9117 = 0
23x(x-15) - 575(x-15) = 0
(23x - 575)(x - 15) = 0

Setting each factor to zero, we find:

23x - 575 = 0  and  x - 15 = 0

This gives us x = 575/23 and x = 15 as the roots of the quadratic equation."
12x^2 - 276x + 514 = 0,25,False,"To factor the equation 12x^2 - 276x + 514 = 0, we first divide every term by 2 to simplify the equation:

6x^2 - 138x + 257 = 0

Now, let's try to find two numbers that multiply to 6 * 257 = 1542 and add up to -138. Since the signs of both numbers should be negative, the factors we're looking for are -38 and -40. 

Therefore, we can rewrite the equation as:

6x^2 - 38x - 100x + 257 = 0

Factor by grouping:

2x(3x - 19) - 1(3x - 19) = 0

(2x - 1)(3x - 19) = 0

Now, set each factor to 0 and solve for x:

2x - 1 = 0
x = 1/2

3x - 19 = 0
x = 19/3

Therefore, the roots of the equation 12x^2 - 276x + 514 = 0 are x = 1/2 and x = 19/3."
16x^2 - 416x + 1128 = 0,25,False,"The equation can be factored as:

16x^2 - 416x + 1128 = 16(x^2 - 26x + 71) = 16(x - 1)(x - 71) = 0

Setting each factor to zero, we get:

x - 1 = 0 or x - 71 = 0

x = 1 or x = 71

Therefore, the roots of the quadratic equation 16x^2 - 416x + 1128 = 0 are x = 1 and x = 71."
6x^2 - 60x + 151 = 0,25,False,"The equation is 6x^2 - 60x + 151 = 0.

To factor this, we need to find two numbers that multiply to 6*151 = 906 and add up to -60.

After checking several pairs of numbers, we see that -6 and -151 meet these criteria.

Therefore, we can rewrite the equation as:

6x^2 - 6x - 151x + 151 = 0
6x(x - 1) - 151(x - 1) = 0
(6x - 151)(x - 1) = 0

Setting each factor to zero gives:

6x - 151 = 0   or   x - 1 = 0
6x = 151          x = 1

So the roots of the equation are x = 151/6 or x = 1."
24x^2 - 504x + 1942 = 0,25,False,"Since the coefficient of x^2 is not 1, factoring may not be straightforward. Let's use the quadratic formula to find the roots of the equation:

The quadratic formula is given by:
x = (-b ± √(b^2 - 4ac)) / 2a

In this equation,
a = 24
b = -504
c = 1942

Plugging these values into the formula, we get:
x = (504 ± √((-504)^2 - 4*24*1942)) / 2*24
x = (504 ± √(254016 - 186144)) / 48
x = (504 ± √67872) / 48
x = (504 ± 260.53) / 48

Therefore, the roots of the quadratic equation 24x^2 - 504x + 1942 = 0 are:
x1 = (504 + 260.53) / 48 ≈ 14.77
x2 = (504 - 260.53) / 48 ≈ 5.69"
4x^2 - 60x + 203 = 0,25,False,"To factor the equation 4x^2 - 60x + 203 = 0, we need to find two numbers that multiply to 4*203=812 and add up to -60.

The factors of 812 are 1, 4, 203, and 812. Checking these factors, we can see that -29 and -31 are the numbers that add up to -60 and multiply to 812.

So, we rewrite the equation as:

4x^2 - 29x - 31x + 203 = 0
4x(x - 29) -31(x - 29) = 0
(x - 29)(4x - 31) = 0

Setting each factor to zero, we get x = 29 or x = 31/4.

Therefore, the roots of the quadratic equation 4x^2 - 60x + 203 = 0 are x = 29 and x = 31/4."
6x^2 - 114x + 560 = 0,25,False,"To factor the equation 6x^2 - 114x + 560 = 0, we need to find two numbers that multiply to 6*560=3360 and add up to -114. 

Looking for the factors of 3360 that satisfy this condition, we find -84 and -30. 

So, the factored form of the equation is:
6x^2 - 84x - 30x + 560 = 0
6x(x - 14) - 30(x - 14) = 0
(6x - 30)(x - 14) = 0

Setting each factor to zero, we find:
6x - 30 = 0   =>   x = 5
x - 14 = 0   =>   x = 14

Therefore, the roots of the quadratic equation 6x^2 - 114x + 560 = 0 are x = 5 and x = 14."
30x^2 - 1800x + 27000 = 0,30,True,"30x^2 - 1800x + 27000 = 0

First, I can simplify this equation by dividing all terms by 30:

x^2 - 60x + 900 = 0

Now, I'll try to find two numbers that multiply to 900 and add up to -60, which are -30 and -30. Therefore, I can factor the equation as:

(x - 30)(x - 30) = 0

(x - 30)^2 = 0

x - 30 = 0

x = 30

Therefore, the only root of the quadratic equation 30x^2 - 1800x + 27000 = 0 is x = 30."
3x^2 - 108x + 780 = 0,30,True,"The equation is 3x^2 - 108x + 780 = 0.

First, divide the entire equation by 3 to simplify it:

x^2 - 36x + 260 = 0.

Next, let's try to factor the equation:

(x - 10)(x - 26) = 0.

Setting each factor to zero, we get two possible roots:

x - 10 = 0
x = 10

x - 26 = 0
x = 26

Therefore, the roots of the quadratic equation 3x^2 - 108x + 780 = 0 are x = 10 and x = 26."
25x^2 - 1025x + 10450 = 0,30,True,"First, we need to find two numbers that multiply to 25*10450 = 261250 and add up to -1025. 
By trial and error, we find that the two numbers are -25 and -10450. 

Therefore, we can rewrite the equation as:

25x^2 - 25x - 10450x + 10450 = 0
25x(x - 1) - 10450(x - 1) = 0
(25x - 10450)(x - 1) = 0

Now, we find the roots by setting each factor to zero:
25x - 10450 = 0
25x = 10450
x = 10450/25
x = 418

x - 1 = 0
x = 1

So, the roots of the quadratic equation 25x^2 - 1025x + 10450 = 0 are x = 1 and x = 418."
23x^2 - 644x + 3036 = 0,30,True,"The quadratic equation $23x^2 - 644x + 3036 = 0$ does not appear to be easily factorable. 

Next, I will use the quadratic formula to find the roots:

The quadratic formula is given by: $x = \frac{-b \pm \sqrt{b^2 - 4ac}}{2a}$, where the equation is in the form $ax^2 + bx + c = 0$.

In this case, $a = 23$, $b = -644$, and $c = 3036$.

Plugging these values into the formula:

$x = \frac{644 \pm \sqrt{(-644)^2 - 4(23)(3036)}}{2(23)}$

$x = \frac{644 \pm \sqrt{415536 - 280248}}{46}$

$x = \frac{644 \pm \sqrt{135288}}{46}$

$x = \frac{644 \pm 368}{46}$

Now we have two possible roots:

1. $x = \frac{644 + 368}{46} = \frac{1012}{46} = 22$
2. $x = \frac{644 - 368}{46} = \frac{276}{46} = 6$

Therefore, the roots of the quadratic equation $23x^2 - 644x + 3036 = 0$ are $x = 22$ and $x = 6$."
23x^2 - 851x + 7176 = 0,30,True,"To factor the equation, we need to find two numbers that multiply to 23*7176=164848, and add up to -851.

After some trial and error, we find that the numbers are -776 and -75.

Therefore, the factored form of the equation is:
23x^2 - 851x + 7176 = (23x - 776)(x - 75) = 0

Setting each factor to zero, we get:
23x - 776 = 0   or   x - 75 = 0

Solving for x, we get:
23x = 776     or   x = 75
x = 776/23    or   x = 75
x = 33.739     or   x = 75

The roots of the quadratic equation 23x^2 - 851x + 7176 = 0 are x=33.739 and x=75."
25x^2 - 975x + 7250 = 0,30,True,"25x^2 - 975x + 7250 = 0

First, I'll simplify the equation by dividing all the terms by 25:

x^2 - 39x + 290 = 0

Now, let's try to factor the quadratic equation:

(x - 10)(x - 29) = 0

By setting each factor to zero, we get:

x - 10 = 0  or  x - 29 = 0

x = 10   or   x = 29

So, the roots of the equation are x = 10 and x = 29."
4x^2 - 132x + 800 = 0,30,True,"To factor the quadratic equation 4x^2 - 132x + 800 = 0, we need to find two numbers that multiply to 4 * 800 = 3200, and add up to -132.

After trying different combinations, we find that -80 and -40 fit the criteria since -80 * -40 = 3200 and -80 + (-40) = -120.

Therefore, we can rewrite the equation as:

4x^2 - 80x - 40x + 800 = 0
4x(x - 20) - 40(x - 20) = 0
(4x - 40)(x - 20) = 0

Now we have factored the equation successfully. Setting each factor to zero gives us the roots:

4x - 40 = 0
4x = 40
x = 10

and

x - 20 = 0
x = 20

Therefore, the roots of the quadratic equation 4x^2 - 132x + 800 = 0 are x = 10 and x = 20."
20x^2 - 780x + 7360 = 0,30,True,"The equation is: 

20x^2 - 780x + 7360 = 0

Factor out a common factor of 20:

20(x^2 - 39x + 368) = 0

Now, let's try to factor the quadratic expression x^2 - 39x + 368. 

The factors of 368 that sum up to -39 are -16 and -23:

(x - 16)(x - 23) = 0

Therefore, the roots of the equation 20x^2 - 780x + 7360 = 0 are x = 16 and x = 23."
26x^2 - 468x + 2080 = 0,30,True,"To factor the quadratic equation 26x^2 - 468x + 2080 = 0, we can simplify it by dividing each term by 2:

13x^2 - 234x + 1040 = 0

Next, let's find two numbers that multiply to 13*1040=13520 and add up to -234. The two numbers are -208 and -26:

13x^2 - 208x - 26x + 1040 = 0

13x(x - 16) - 26(x - 16) = 0

(13x - 26)(x - 16) = 0

Now, we have factored the equation successfully:

13x - 26 = 0  or  x - 16 = 0

13x = 26      or     x = 16

x = 2

Therefore, the roots of the quadratic equation 26x^2 - 468x + 2080 = 0 are x = 2 and x = 16."
21x^2 - 651x + 2268 = 0,30,True,"Let's try to factor the equation: 21x^2 - 651x + 2268 = 0

First, find two numbers that multiply to 21*2268 = 47868 and add up to -651.
The two numbers are -189 and -252.

Rewrite the middle term:
21x^2 - 189x - 462x + 2268 = 0

Factor by grouping:
3x(7x - 63) - 66(7x - 63) = 0

(3x - 66)(7x - 63) = 0

Now, set each factor to 0 and solve for x:
3x - 66 = 0   or   7x - 63 = 0
3x = 66        or   7x = 63
x = 22         or   x = 9

Therefore, the roots of the quadratic equation are x = 22 and x = 9."
2x^2 - 58x + 299 = 0,30,False,"To factor the equation 2x^2 - 58x + 299 = 0, we need to find two numbers that multiply to 2*299 = 598 and add up to -58. 

After checking different combinations, we find that -13 and -46 satisfy these conditions. 

So, we can factor the equation as:
2x^2 - 58x + 299 = (2x + 1)(x - 299) = 0

Setting each factor to zero:
2x + 1 = 0  or  x - 299 = 0

Solving for x:
2x = -1   or   x = 299
x = -1/2     or   x = 299

Therefore, the roots of the quadratic equation 2x^2 - 58x + 299 = 0 are x = -1/2 and x = 299."
7x^2 - 182x + 1191 = 0,30,False,"To factor the equation 7x^2 - 182x + 1191 = 0, we need to find two numbers that multiply to 7*1191= 8337 (the product of the coefficients of x^2 and the constant term) and add up to -182 (the coefficient of x).
The two numbers are -39 and -215.

Therefore, we can rewrite the equation as:
7x^2 - 182x + 1191 = 7x^2 - 39x - 215x + 1191
= 7x(x - 39) - 215(x - 39)
= (7x - 215)(x - 39) = 0

Now, set each factor to zero to find the roots:
7x - 215 = 0 or x - 39 = 0
7x = 215 or x = 39
x = 215/7 or x = 39
x = 30.71 or x = 39

Therefore, the roots of the quadratic equation 7x^2 - 182x + 1191 = 0 are 30.71 and 39."
12x^2 - 408x + 1742 = 0,30,False,"To factor the equation 12x^2 - 408x + 1742 = 0, we first divide each term by the greatest common factor, which is 6:

2x^2 - 68x + 291 = 0

Next, we try to factor this quadratic equation. To factor trinomials, we look for two numbers that multiply to the constant term (in this case, 2 * 291 = 582) and add up to the coefficient of the middle term (in this case, -68). 

The numbers that satisfy these conditions are -2 and -291. 

So, we can rewrite the trinomial as:

2x^2 - 2x - 291x + 291 = 0

Now, we factor by grouping:

2x(x - 1) - 291(x - 1) = 0

(x - 1)(2x - 291) = 0

Setting each factor to zero gives us:

x - 1 = 0     or     2x - 291 = 0

x = 1              x = 291/2

Therefore, the roots of the quadratic equation 12x^2 - 408x + 1742 = 0 are x = 1 and x = 291/2."
12x^2 - 96x + 92 = 0,30,False,"The equation 12x^2 - 96x + 92 = 0 can be factored as:

4(3x^2 - 24x + 23) = 0

Next, we'll attempt to factor the trinomial 3x^2 - 24x + 23:

3x^2 - 24x + 23 = (3x - 1)(x - 23)

Since the equation can't be factored further, let's solve for the roots using the quadratic formula:

Given the quadratic equation ax^2 + bx + c = 0, the roots can be found using the formula:

x = (-b ± √(b^2 - 4ac)) / 2a

For the equation 12x^2 - 96x + 92 = 0, a = 12, b = -96, and c = 92. Plugging these values into the formula:

x = (96 ± √((-96)^2 - 4 * 12 * 92)) / 2 * 12
x = (96 ± √(9216 - 4416)) / 24
x = (96 ± √4800) / 24
x = (96 ± 69.28) / 24

Therefore, the roots of the given quadratic equation 12x^2 - 96x + 92 = 0 are:

x = (96 + 69.28) / 24 = 165.28 / 24 = 6.8867
x = (96 - 69.28) / 24 = 26.72 / 24 = 1.1133

So, the roots of the quadratic equation are approximately x = 6.8867 and x = 1.1133."
26x^2 - 806x + 5466 = 0,30,False,"To factor the quadratic equation 26x^2 - 806x + 5466 = 0, we need to find two numbers that multiply to 26*5466=141516 and add up to -806. 

Factoring 141516, we have:
141516 = 2 * 2 * 3 * 13 * 19 * 113

To get -806, we can choose -289 and -517 because -289 + (-517) = -806.

Therefore, we can rewrite the equation as:
26x^2 - 289x - 517x + 5466 = 0

Grouping the terms, we have:
x(26x - 289) - 517(26x - 289) = 0

Factorizing, we get:
(26x - 289)(x - 517) = 0

Setting each factor to zero, we find:
26x - 289 = 0    or    x - 517 = 0

Solving for x, we get:
26x = 289      or    x = 517
x = 289/26         x = 517

Therefore, the roots of the quadratic equation are:
x = 289/26 or x = 517"
19x^2 - 741x + 7225 = 0,30,False,"The quadratic equation 19x^2 - 741x + 7225 = 0 can be factored as:

19x^2 - 741x + 7225 = (19x - 95)(x - 76) = 0

Setting each factor to zero to find the roots:

19x - 95 = 0
x = 95/19
x = 5

x - 76 = 0
x = 76

Therefore, the roots of the equation are x = 5 and x = 76."
5x^2 - 150x + 1009 = 0,30,False,"Let's try to factor the equation 5x^2 - 150x + 1009 = 0.

The equation can be factored as follows:

5x^2 - 150x + 1009 = 0
5x^2 - 145x - 5x + 1009 = 0
5x(x - 29) - 5(x - 29) = 0
(5x - 5)(x - 29) = 0
5(x - 1)(x - 29) = 0

Therefore, the roots of the equation are x = 1 and x = 29."
20x^2 - 620x + 2620 = 0,30,False,"To factor the given quadratic equation 20x^2 - 620x + 2620 = 0, we first divide all terms by 20 to simplify it:

x^2 - 31x + 131 = 0

Now, I'll try to factor the quadratic equation x^2 - 31x + 131 = 0 by finding two numbers that multiply to 131 and add up to -31. The two numbers are -29 and -2.

Therefore, we can rewrite the equation as:

x^2 - 29x - 2x + 131 = 0
x(x - 29) - 2(x - 29) = 0
(x - 29)(x - 2) = 0

Setting each factor to zero gives us the roots:

x - 29 = 0 or x - 2 = 0
x = 29 or x = 2

Therefore, the roots of the quadratic equation 20x^2 - 620x + 2620 = 0 are x = 29 and x = 2."
4x^2 - 120x + 345 = 0,30,False,"The given quadratic equation is 4x^2 - 120x + 345 = 0.

To factor this equation, we need to find two numbers that multiply to 4*345=1380 and add up to -120.

The two numbers that satisfy these conditions are -15 and -105.

Therefore, we can rewrite the equation as:

4x^2 - 15x - 105x + 345 = 0

Factor by grouping:

x(4x - 15) - 35(4x - 15) = 0

(4x - 15)(x - 35) = 0

Setting each factor to zero:

4x - 15 = 0
4x = 15
x = 15/4

and

x - 35 = 0
x = 35

Therefore, the roots of the quadratic equation 4x^2 - 120x + 345 = 0 are x = 15/4 and x = 35."
6x^2 - 114x + 425 = 0,30,False,"The equation is 6x^2 - 114x + 425 = 0.

To factor this equation, we need to find two numbers that multiply to 6*425 = 2550 and add up to -114. 

The two numbers are -85 and -30 since -85 * -30 = 2550 and -85 + (-30) = -114.

Now we rewrite the middle term using -85x and -30x:

6x^2 - 85x - 30x + 425 = 0

Now we can factor by grouping:

(6x^2 - 85x) + (-30x + 425) = 0

x(6x - 85) - 5(6x - 85) = 0

(6x - 85)(x - 5) = 0

Now we can set each factor to zero:
6x - 85 = 0   or   x - 5 = 0

6x = 85          x = 5

x = 85/6

So the roots of the quadratic equation 6x^2 - 114x + 425 = 0 are x = 85/6 and x = 5."
14x^2 - 224x + 672 = 0,35,True,"The equation can be simplified to:

14(x^2 - 16x + 48) = 0

Now let's try to factor the quadratic expression inside the parentheses:

(x - 4)(x - 12) = 0

Therefore, the roots are x = 4 and x = 12."
5x^2 - 240x + 2275 = 0,35,True,"To factor the quadratic equation 5x^2 - 240x + 2275 = 0, we need to find two numbers that multiply to 5*2275=11375 (the product of the coefficient of x^2 and the constant term) and add up to -240 (the coefficient of x).

After trying a few pairs of numbers, we find that -25 and -455 are the numbers that satisfy these conditions.

Therefore, we can rewrite the equation as:

5x^2 - 25x - 455x + 2275 = 0
5x(x - 5) - 455(x - 5) = 0
(5x - 455)(x - 5) = 0

Now we can set each factor to zero and solve for x:

5x - 455 = 0
5x = 455
x = 455/5
x = 91

x - 5 = 0
x = 5

Therefore, the roots of the quadratic equation 5x^2 - 240x + 2275 = 0 are x = 91 and x = 5."
34x^2 - 1122x + 9044 = 0,35,True,"To factor the quadratic equation 34x^2 - 1122x + 9044 = 0, we need to find two numbers that multiply to 34*9044=308296 and add up to -1122. 

By trial and error, we find that the two numbers are -26 and -11846. 

So, we can rewrite the equation as: 
34x^2 - 26x - 11846x + 9044 = 0
2x(17x - 13) - 11846(17x - 13) = 0
(2x - 11846)(17x - 13) = 0

Setting each factor to zero gives us the roots: 
2x - 11846 = 0
2x = 11846
x = 5923

17x - 13 = 0
17x = 13
x = 13/17

Therefore, the roots of the quadratic equation 34x^2 - 1122x + 9044 = 0 are x = 5923 and x = 13/17."
19x^2 - 855x + 7904 = 0,35,True,"The factors of 19x^2 - 855x + 7904 are:
(19x - 76)(x - 104) = 0

Setting each factor to zero gives us:
19x - 76 = 0  -->  x = 76/19 
x - 104 = 0  -->  x = 104

Therefore, the roots of the quadratic equation are x = 76/19 and x = 104."
17x^2 - 493x + 3366 = 0,35,True,"To factor the quadratic equation 17x^2 - 493x + 3366 = 0, we need to find two numbers that multiply to 17(3366) = 57222 and add up to -493. 

After trying different pairs of numbers, we find that -187 and -306 satisfy these conditions.

Therefore, we can rewrite the above equation as:

17x^2 - 187x - 306x + 3366 = 0
=> 17x(x - 11) - 306(x - 11) = 0
=> (17x - 306)(x - 11) = 0

Setting each factor to zero, we get:
17x - 306 = 0   or    x - 11 = 0
17x = 306   or    x = 11
x = 306/17 or    x = 11

So, the roots of the quadratic equation 17x^2 - 493x + 3366 = 0 are x = 306/17 and x = 11."
10x^2 - 420x + 2450 = 0,35,True,"The equation can be simplified by dividing each term by 10:

x^2 - 42x + 245 = 0

Now, let's try to factor the quadratic equation:

(x - 35)(x - 7) = 0

Setting each factor to zero:

x - 35 = 0    or    x - 7 = 0

x = 35      or    x = 7

The roots of the quadratic equation 10x^2 - 420x + 2450 = 0 are x = 35 and x = 7."
14x^2 - 406x + 756 = 0,35,True,"To factor the quadratic equation 14x^2 - 406x + 756 = 0, we first divide every term by 2 to simplify it: 

7x^2 - 203x + 378 = 0

Now, let's try to factor this quadratic equation:

We are looking for two numbers that multiply to 7*378 = 2646 and add up to -203.

The two numbers are -161 and -42.

So, we rewrite the equation as:

7x^2 - 161x - 42x + 378 = 0
7x(x - 161) - 42(x - 161) = 0
(7x - 42)(x - 161) = 0

Setting each factor to zero gives:

7x - 42 = 0  or  x - 161 = 0
7x = 42         or     x = 161
x = 6           or     x = 161

Therefore, the roots of the quadratic equation are x = 6 and x = 161."
23x^2 - 322x + 299 = 0,35,True,"To factor the quadratic equation 23x^2 - 322x + 299 = 0, we need to find two numbers that multiply to 23*299=6897 and add up to -322.

After trying different combinations, we find that -241 and -29 are the two numbers that satisfy these conditions.

So, we can rewrite the equation as:

23x^2 - 241x - 29x + 299 = 0

Factor by grouping:

23x(x - 11) - 29(x - 11) = 0
(x - 11)(23x - 29) = 0

Setting each factor to zero:

x - 11 = 0    OR    23x - 29 = 0

x = 11           OR     x = 29/23

Therefore, the roots of the quadratic equation 23x^2 - 322x + 299 = 0 are x = 11 and x = 29/23."
32x^2 - 1024x + 8160 = 0,35,True,"The equation 32x^2 - 1024x + 8160 = 0 can be factored as:

32x^2 - 1024x + 8160 = 0
32(x^2 -32x + 255) = 0
32(x - 15)(x - 17) = 0

Setting each factor to zero:
x - 15 = 0 or x - 17 = 0
x = 15 or x = 17

Therefore, the roots of the quadratic equation are x = 15 and x = 17."
31x^2 - 744x + 2480 = 0,35,True,"To factor the quadratic equation 31x^2 - 744x + 2480 = 0, I need to find two numbers that multiply to 31*2480=76880 and add up to -744.

By trial and error, I find that the numbers are -40 and -1944:

31*-40 * 2480/-40 = -1240
31*-1944 * 2480/-1944 = -744

Therefore, I can rewrite the quadratic equation as:

31x^2 - 1944x - 40x + 2480 = 0
31x(x - 1944) - 40(x - 1944) = 0
(31x - 40)(x - 1944) = 0

Now, I can solve for x:

31x - 40 = 0  or  x - 1944 = 0
31x = 40         or   x = 1944
x = 40/31       or   x = 1944

Therefore, the roots of the quadratic equation 31x^2 - 744x + 2480 = 0 are x = 40/31 and x = 1944."
25x^2 - 750x + 5414 = 0,35,False,"First, let's try factoring the equation. Since 25x^2 - 750x + 5414 doesn't easily factor, let's use the quadratic formula to find the roots.

The quadratic formula is given by:
x = (-b ± √(b^2 - 4ac)) / 2a

For the equation 25x^2 - 750x + 5414 = 0, a = 25, b = -750, and c = 5414.

Plugging these values into the quadratic formula, we get:
x = (750 ± √((-750)^2 - 4*25*5414)) / 2*25
x = (750 ± √(562500 - 541400)) / 50
x = (750 ± √21100) / 50
x = (750 ± 145.24) / 50

This gives us two roots:
x = (750 + 145.24) / 50 ≈ 17.904
x = (750 - 145.24) / 50 ≈ 12.104

Therefore, the roots of the quadratic equation 25x^2 - 750x + 5414 = 0 are x ≈ 17.904 and x ≈ 12.104."
4x^2 - 92x + 269 = 0,35,False,"To factor the quadratic equation 4x^2 - 92x + 269 = 0, we need to find two numbers that multiply to 4*269 = 1076 and add up to -92.

After checking the factors of 1076, we find that -26 and -66 fit these criteria.

So, we can rewrite the equation as:

4x^2 - 26x - 66x + 269 = 0
2x(2x - 13) - 67(2x - 13) = 0
(2x - 13)(4x - 67) = 0

Setting each factor to zero:

2x - 13 = 0   or   4x - 67 = 0
2x = 13           4x = 67
x = 13/2         x = 67/4

Therefore, the roots of the quadratic equation 4x^2 - 92x + 269 = 0 are x = 13/2 and x = 67/4."
12x^2 - 756x + 11883 = 0,35,False,"Here is the factored form of the equation:

12x^2 - 756x + 11883 = 0
3(4x^2 - 252x + 3961) = 0
3(2x - 61)(2x - 65) = 0

Setting each factor equal to zero:
2x - 61 = 0 or 2x - 65 = 0
2x = 61 or 2x = 65
x = 61/2 or x = 65/2

Therefore, the roots of the quadratic equation 12x^2 - 756x + 11883 = 0 are x = 61/2 and x = 65/2."
10x^2 - 350x + 2177 = 0,35,False,"After analyzing the equation 10x^2 - 350x + 2177 = 0, it cannot be easily factored. Therefore, I will use the quadratic formula to find the roots.

The quadratic formula is given by x = (-b ± √(b^2 - 4ac)) / (2a)

In this equation, a = 10, b = -350, and c = 2177.

Plugging these values into the formula, we get:

x = (350 ± √((-350)^2 - 4*10*2177)) / (2*10)
x = (350 ± √(122500 - 87080)) / 20
x = (350 ± √35420) / 20
x = (350 ± 188.33) / 20

Therefore, the roots of the quadratic equation 10x^2 - 350x + 2177 = 0 are:

x = (350 + 188.33) / 20 = 26.67
x = (350 - 188.33) / 20 = 7.83

So, the roots of the equation are x = 26.67 and x = 7.83."
30x^2 - 1200x + 10929 = 0,35,False,"The equation is 30x^2 - 1200x + 10929 = 0.

Let's try to factor this equation:

30x^2 - 1200x + 10929 = 0
30x^2 - 1200x - 1146x + 10929 = 0
30x(x - 40) - 1146(x - 40) = 0
(30x - 1146)(x - 40) = 0

Now, set each factor to zero:

30x - 1146 = 0           OR          x - 40 = 0
30x = 1146                           x = 40
x = 38.2                              

The roots of the equation are x = 38.2 and x = 40."
11x^2 - 594x + 8033 = 0,35,False,"The equation 11x^2 - 594x + 8033 = 0 cannot be factored easily, so I will use the quadratic formula to find the roots.

The quadratic formula is given by:
x = (-b ± sqrt(b^2 - 4ac)) / 2a

For the equation 11x^2 - 594x + 8033 = 0, a = 11, b = -594, and c = 8033.

Substitute these values into the formula:
x = (594 ± sqrt((-594)^2 - 4(11)(8033))) / 2(11)
x = (594 ± sqrt(352836 - 352772)) / 22
x = (594 ± sqrt(64)) / 22
x = (594 ± 8) / 22

This gives us two possible solutions:
x = (594 + 8) / 22 = 602 / 22 = 27.36
x = (594 - 8) / 22 = 586 / 22 = 26.64

Therefore, the roots of the quadratic equation 11x^2 - 594x + 8033 = 0 are approximately x = 27.36 and x = 26.64."
25x^2 - 1375x + 17877 = 0,35,False,"First, divide all terms by the coefficient of x^2 (25):

x^2 - 55x + 715.08 = 0

Now, let's factor this quadratic equation:

(x - 22.08)(x - 32.48) = 0

Setting each factor to zero, we get:

x - 22.08 = 0   or   x - 32.48 = 0

x = 22.08   or   x = 32.48

Therefore, the roots of the quadratic equation 25x^2 - 1375x + 17877 = 0 are x = 22.08 and x = 32.48."
7x^2 - 259x + 957 = 0,35,False,"The factors of 7 are 1 and 7. The constant term, 957, can be broken down into 3 and 319. 

So, (7x - 3)(x - 319) = 0

Setting the factors to zero, we get:

7x - 3 = 0 or x - 319 = 0

Solving for x:

7x = 3 => x = 3/7

x = 319

Therefore, the roots of the quadratic equation 7x^2 - 259x + 957 = 0 are x = 3/7 and x = 319."
34x^2 - 714x + 3689 = 0,35,False,"The equation 34x^2 - 714x + 3689 = 0 cannot be factored easily, so I will use the quadratic formula to find the roots.

The quadratic formula is given by: x = (-b ± √(b^2 - 4ac)) / 2a

In this equation, a = 34, b = -714, and c = 3689.

Plugging in these values, we get:
x = (714 ± √((-714)^2 - 4*34*3689)) / 2*34
x = (714 ± √(510276 - 500552)) / 68
x = (714 ± √9764) / 68
x = (714 ± 98.8) / 68

Therefore, the roots of the quadratic equation 34x^2 - 714x + 3689 = 0 are:
x1 = (714 + 98.8) / 68 = 10.7
x2 = (714 - 98.8) / 68 = 8.9

So, the roots of the equation are x = 10.7 and x = 8.9."
23x^2 - 874x + 3814 = 0,35,False,"Let's try to factor the quadratic equation 23x^2 - 874x + 3814 = 0.

The factors of 23 are 1 and 23, and the factors of 3814 are 1, 2, 7, 14, 271, 542, 1907, and 3814.

Let's try different combinations of these factors to see if we can factor the quadratic equation.

23x^2 - 874x + 3814 = (23x - 271)(x - 14)

So, the factored form of the equation is (23x - 271)(x - 14) = 0.

Setting each factor to zero and solving for x, we get:

23x - 271 = 0
=> 23x = 271
=> x = 271/23
=> x = 11.78

x - 14 = 0
=> x = 14

Therefore, the roots of the quadratic equation 23x^2 - 874x + 3814 = 0 are x = 11.78 and x = 14."
34x^2 - 1802x + 20808 = 0,40,True,"To factor the equation 34x^2 - 1802x + 20808 = 0, we need to find two numbers that multiply to 34*20808=707472 and add up to -1802.

Looking for factors of 707472, we find that 680 and 1044 fit the criteria.

Thus, we can rewrite the equation as:
34x^2 - 680x - 1122x + 20808 = 0
34x(x - 20) - 1122(x - 20) = 0
(34x - 1122)(x - 20) = 0

Setting each factor to zero:
34x - 1122 = 0  or  x - 20 = 0
34x = 1122  or  x = 20
x = 1122/34  or  x = 20
x = 33  or  x = 20

Therefore, the roots of the quadratic equation 34x^2 - 1802x + 20808 = 0 are x = 33 and x = 20."
35x^2 - 1470x + 15120 = 0,40,True,"35x^2 - 1470x + 15120 can be factored as:

35(x^2 - 42x + 432) = 0

Now, I'll factor the trinomial inside the parentheses:

35(x - 18)(x - 24) = 0

Setting each factor to zero, we get:

x - 18 = 0   or   x - 24 = 0

So the roots of the quadratic equation 35x^2 - 1470x + 15120 = 0 are x = 18 and x = 24."
15x^2 - 960x + 14985 = 0,40,True,"To factor the equation 15x^2 - 960x + 14985 = 0, we need to find two numbers that multiply to 15*14985 = 224775 and add up to -960.

After some trial and error, we can see that the numbers are -225 and -735:

15*-225 = -3375
15*-735 = -11025
-3375 + (-11025) = -14400 ≠ -960

So, it's not possible to factor the equation. We will use the quadratic formula to find the roots of the equation.

The quadratic formula is given by x = (-b ± √(b^2 - 4ac)) / 2a

In this equation, a = 15, b = -960, and c = 14985.

Plugging these values into the formula:

x = (960 ± √((-960)^2 - 4*15*14985)) / 2*15
x = (960 ± √(921600 - 899400)) / 30
x = (960 ± √22200) / 30
x = (960 ± 148.83) / 30

Therefore, the roots of the equation 15x^2 - 960x + 14985 = 0 are:

x = (960 + 148.83) / 30 ≈ 36.36
x = (960 - 148.83) / 30 ≈ 27.71"
28x^2 - 1148x + 10584 = 0,40,True,"Let's first factor out the greatest common factor, which is 4:

4(7x^2 - 287x + 2646) = 0

Now, we will try to factor the trinomial inside the parentheses:

4(7x - 38)(x - 69) = 0

Setting each factor to zero:

7x - 38 = 0 or x - 69 = 0

Solving for x:

7x = 38 or x = 69

x = 38/7 or x = 69

So, the roots of the quadratic equation 28x^2 - 1148x + 10584 = 0 are x = 38/7 and x = 69."
21x^2 - 819x + 3570 = 0,40,True,"To factor the quadratic equation 21x^2 - 819x + 3570 = 0, we can first divide through by 3 to simplify it:

7x^2 - 273x + 1190 = 0

Now we need to find two numbers that multiply to 7*1190 = 8330 and add up to -273. The two numbers are -70 and -203.

Therefore, we can factor the equation as:

(7x - 70)(x - 203) = 0

Setting each factor to zero, we get:

7x - 70 = 0     or     x - 203 = 0

Solving for x, we find:

7x = 70      or     x = 203

x = 10    or    x = 203

Therefore, the roots of the equation 21x^2 - 819x + 3570 = 0 are x = 10 and x = 203."
24x^2 - 1056x + 10080 = 0,40,True,"The equation is 24x^2 - 1056x + 10080 = 0

To factor this quadratic equation, we look for two numbers that multiply to 24*10080 = 241920 and add up to -1056. By trial and error, we find that -48 and -1008 fit these conditions.

Therefore, we can rewrite the equation as:

24x^2 - 48x - 1008x + 10080 = 0
4x(6x - 12) - 1008(6x - 12) = 0
(4x - 1008)(6x - 12) = 0

Setting each factor to zero, we solve for x:

4x - 1008 = 0
4x = 1008
x = 1008/4
x = 252

and

6x - 12 = 0
6x = 12
x = 12/6
x = 2

Therefore, the roots of the equation 24x^2 - 1056x + 10080 = 0 are x = 252 and x = 2."
20x^2 - 1460x + 26640 = 0,40,True,"The equation 20x^2 - 1460x + 26640 = 0 can be factored as:

20x^2 - 1460x + 26640 = 0
20(x^2 - 73x + 1332) = 0
20(x - 36)(x - 37) = 0

Setting each factor to zero:
x - 36 = 0 or x - 37 = 0
x = 36 or x = 37

Therefore, the roots of the quadratic equation are x = 36 and x = 37."
8x^2 - 472x + 6720 = 0,40,True,"To factor the equation 8x^2 - 472x + 6720 = 0, we need to find two numbers that multiply to 8 * 6720 = 53760 and add up to -472 (the coefficient of x).

After trying a few combinations, we find that the numbers -80 and -592 satisfy these conditions. 

Therefore, we can rewrite the equation as:

8x^2 - 472x + 6720 = (8x + 80)(x - 592) = 0

Setting each factor to zero, we get:

8x + 80 = 0  =>  x = -10
x - 592 = 0  =>  x = 592

Therefore, the roots of the equation 8x^2 - 472x + 6720 = 0 are x = -10 and x = 592."
25x^2 - 1700x + 28500 = 0,40,True,"25x^2 - 1700x + 28500 = 0

First, divide all coefficients by 25 to simplify:

x^2 - 68x + 1140 = 0

Now, let's factor this quadratic equation:

(x - 20)(x - 48) = 0

This gives us the roots:

x = 20 or x = 48

Therefore, the roots of the quadratic equation 25x^2 - 1700x + 28500 = 0 are x = 20 and x = 48."
20x^2 - 540x + 2200 = 0,40,True,"To factor the quadratic equation 20x^2 - 540x + 2200 = 0, we can start by simplifying the equation:

20x^2 - 540x + 2200 = 0
Dividing all terms by 20:
x^2 - 27x + 110 = 0

Now, let's try to factorize x^2 - 27x + 110 = 0:

(x - 5)(x - 22) = 0

Setting each factor to zero:
x - 5 = 0 or x - 22 = 0
x = 5 or x = 22

Therefore, the roots of the quadratic equation 20x^2 - 540x + 2200 = 0 are x = 5 and x = 22."
37x^2 - 1406x + 11011 = 0,40,False,"The quadratic equation 37x^2 - 1406x + 11011 = 0 cannot be factored easily. Therefore, I will use the quadratic formula to find the roots.

The quadratic formula is given by:
x = (-b ± √(b^2 - 4ac)) / 2a

For the given equation 37x^2 - 1406x + 11011 = 0, we have:
a = 37, b = -1406, c = 11011

Plugging these values into the quadratic formula, we get:
x = (1406 ± √((-1406)^2 - 4*37*11011)) / 2*37
x = (1406 ± √(1984036 - 1626012)) / 74
x = (1406 ± √357024) / 74
x = (1406 ± 598) / 74

This gives us two roots:
x1 = (1406 + 598) / 74 = 2004 / 74 = 27
x2 = (1406 - 598) / 74 = 808 / 74 = 11

Therefore, the roots of the quadratic equation 37x^2 - 1406x + 11011 = 0 are x = 27 and x = 11."
38x^2 - 1710x + 19178 = 0,40,False,"38x^2 - 1710x + 19178 = 0

After trying to factor the equation, I find that it cannot be factored easily. Therefore, I will use the quadratic formula to find the roots.

The quadratic formula is given by x = (-b ± √(b^2 - 4ac)) / 2a

For the equation 38x^2 - 1710x + 19178 = 0
a = 38, b = -1710, c = 19178

Plugging the values into the quadratic formula:
x = (1710 ± √((-1710)^2 - 4*38*19178)) / (2*38)
x = (1710 ± √(2924100 - 2918072)) / 76
x = (1710 ± √6028) / 76
x = (1710 ± 77.61) / 76

Therefore, the roots of the equation 38x^2 - 1710x + 19178 = 0 are:
x1 = (1710 + 77.61) / 76 ≈ 24.45
x2 = (1710 - 77.61) / 76 ≈ 21.55"
35x^2 - 2590x + 47640 = 0,40,False,"To factor the equation 35x^2 - 2590x + 47640 = 0, we first need to find two numbers that multiply to 35*47640 = 1667400 and add up to -2590.

By trial and error, we find that the numbers -1105 and -1485 fit these requirements:

35*(-1105) = -38575
35*(-1485) = -51975
-38575 + (-51975) = -25900

Now we can rewrite the equation as:

35x^2 - 1105x - 1485x + 47640 = 0
5x(7x - 221) - 297(7x - 221) = 0
(5x - 297)(7x - 221) = 0

Setting each factor to zero gives us:

5x - 297 = 0  or 7x - 221 = 0
5x = 297  or 7x = 221
x = 297/5 or x = 221/7

Therefore, the roots of the quadratic equation 35x^2 - 2590x + 47640 = 0 are x = 59.4 or x = 31.57."
33x^2 - 1782x + 22461 = 0,40,False,"The equation 33x^2 - 1782x + 22461 can be factored as:

33x^2 - 1782x + 22461 = 33(x^2 - 54x + 681) = 33(x - 3)(x - 51)

Therefore, the roots of the given quadratic equation are x = 3 or x = 51."
5x^2 - 160x + 989 = 0,40,False,"The factors would be:

(5x - 49)(x - 20) = 0

Setting each factor to zero:

5x - 49 = 0
x = 49/5
x = 9.8

x - 20 = 0
x = 20

Therefore, the roots of the quadratic equation 5x^2 - 160x + 989 = 0 are x = 9.8 and x = 20."
10x^2 - 270x + 740 = 0,40,False,"The equation 10x^2 - 270x + 740 = 0 can be factored as (2x - 20)(5x - 37) = 0.

Setting each factor to zero gives us:
2x - 20 = 0
2x = 20
x = 10

and

5x - 37 = 0
5x = 37
x = 7.4

Therefore, the roots of the quadratic equation 10x^2 - 270x + 740 = 0 are x = 10 and x = 7.4."
15x^2 - 645x + 6305 = 0,40,False,"15x^2 - 645x + 6305 = 0

To factor this quadratic equation, we need to find two numbers that multiply to 15 * 6305 = 94575 and add up to -645.

The factors of 94575 are:
1, 94575
3, 31525
5, 18915
9, 10575
15, 6305
45, 2101

From these pairs, we see that 45 and 2101 are the pair that add up to -645.

Therefore, we can rewrite the equation as:
15x^2 - 45x - 2100x + 6305 = 0
(15x^2 - 45x) + (-2100x + 6305) = 0
15x(x - 3) - 2100(x - 3) = 0
(15x - 2100)(x - 3) = 0

Now, we solve for x:
15x - 2100 = 0  or  x - 3 = 0
15x = 2100  or  x = 3
x = 140 or x = 3

Therefore, the roots of the quadratic equation 15x^2 - 645x + 6305 = 0 are x = 140 and x = 3."
7x^2 - 63x + 73 = 0,40,False,"We have the quadratic equation 7x^2 - 63x + 73 = 0.

To factor this equation, we need to find two numbers that multiply to 7*73 (511) and add up to -63.

The two numbers are -56 and -7.

Therefore, we can rewrite the equation as:

7x^2 - 56x - 7x + 73 = 0
7x(x - 8) - 7(x - 8) = 0
(7x - 7)(x - 8) = 0
7(x - 1)(x - 8) = 0

Setting each factor to zero gives us:
7x - 7 = 0 or x - 8 = 0
7x = 7 or x = 8
x = 1 or x = 8

The roots of the quadratic equation 7x^2 - 63x + 73 = 0 are x = 1 and x = 8."
35x^2 - 1260x + 4498 = 0,40,False,"We have the quadratic equation: 35x^2 - 1260x + 4498 = 0.

To factor this, we need to find two numbers that multiply to 35*4498 = 157,430 and add up to -1260.

After trying different combinations, the two numbers that satisfy these conditions are -70 and -2257.

Therefore, we can rewrite the equation as:

35x^2 - 70x - 2257x + 4498 = 0
5x(7x - 14) - 4498(7x - 14) = 0
(5x - 4498)(7x - 14) = 0.

Setting each factor to zero gives us two possible solutions:

5x - 4498 = 0
5x = 4498
x = 899.6

and

7x - 14 = 0
7x = 14
x = 2.

Therefore, the roots of the quadratic equation 35x^2 - 1260x + 4498 = 0 are x = 899.6 and x = 2."
17x^2 - 867x + 9556 = 0,40,False,"The equation 17x^2 - 867x + 9556 = 0 can be factored as (x - 28)(17x - 342) = 0.

Setting each factor to zero, we get:
x - 28 = 0 or 17x - 342 = 0
x = 28 or x = 20.12

Therefore, the roots of the quadratic equation are x = 28 and x = 20.12."
37x^2 - 370x + 592 = 0,45,True,"The factors of 37 are 1 and 37, and the factors of 592 are 1, 2, 4, 8, 16, 37, 74, 148, 296, and 592.

By trying different combinations, we see that the equation can be factored as:

(37x - 8)(x - 74) = 0

Setting each factor to zero to find the roots:

37x - 8 = 0
37x = 8
x = 8/37

and

x - 74 = 0
x = 74

Therefore, the roots of the quadratic equation 37x^2 - 370x + 592 = 0 are x = 8/37 and x = 74."
8x^2 - 360x + 3808 = 0,45,True,"The equation 8x^2 - 360x + 3808 = 0 can be factored as:

8x^2 - 360x + 3808 = 0
8(x^2 - 45x + 476) = 0
8(x - 4)(x - 119) = 0

Setting each factor to zero:

x - 4 = 0 or x - 119 = 0
x = 4 or x = 119

Therefore, the roots of the equation are x = 4 and x = 119."
4x^2 - 88x + 480 = 0,45,True,"Let's factor the quadratic equation 4x^2 - 88x + 480 = 0:

We can factor out a common factor of 4:
4(x^2 - 22x + 120) = 0

Now let's factor the quadratic expression inside the parentheses:
4(x - 10)(x - 12) = 0

Now, we can set each factor to zero to find the roots:
x - 10 = 0 or x - 12 = 0

Solving for x:
x = 10 or x = 12

Therefore, the roots of the quadratic equation 4x^2 - 88x + 480 = 0 are x = 10 and x = 12."
3x^2 - 156x + 1785 = 0,45,True,"To factor the equation 3x^2 - 156x + 1785 = 0, we need to find two numbers that multiply to 3*1785=5355 and add up to -156. After some trial and error, we find that the numbers are -105 and -51.

Therefore, we can rewrite the equation as:
3x^2 - 105x - 51x + 1785 = 0
3x(x - 105) - 51(x - 105) = 0
(3x - 51)(x - 105) = 0

Setting each factor to zero:
3x - 51 = 0   or   x - 105 = 0
3x = 51         x = 105
x = 17

Therefore, the roots of the quadratic equation 3x^2 - 156x + 1785 = 0 are x = 17 and x = 105."
18x^2 - 396x + 1530 = 0,45,True,"18x^2 - 396x + 1530 = 0

Factoring out 18 from each term:
18(x^2 - 22x + 85) = 0

Now, we need to factor the quadratic inside the brackets:
x^2 - 22x + 85 = 0

This quadratic doesn't factor easily, so we will use the quadratic formula:
The quadratic formula is given by x = (-b ± √(b^2 - 4ac)) / 2a

In this case, a = 1, b = -22, and c = 85.

x = (22 ± √((-22)^2 - 4*1*85)) / 2*1
x = (22 ± √(484 - 340)) / 2
x = (22 ± √144) / 2
x = (22 ± 12) / 2

Therefore, the roots of the quadratic equation 18x^2 - 396x + 1530 = 0 are:
x = (22 + 12) / 2 = 34/2 = 17
x = (22 - 12) / 2 = 10/2 = 5

So, the roots of the quadratic equation are x = 17 and x = 5."
1x^2 - 30x + 144 = 0,45,True,"To factor the quadratic equation 1x^2 - 30x + 144 = 0, we need to find two numbers that multiply to 144 (the constant term) and add up to -30 (the coefficient of the x-term).

The two numbers are -12 and -12, as -12 * -12 = 144 and -12 + (-12) = -24, not -30.

Therefore, we can factor the equation as:

1x^2 - 30x + 144 = (x - 12)(x - 12) = (x - 12)^2 = 0

To find the roots, we set (x - 12)^2 = 0 and solve for x:

x - 12 = 0
x = 12

Therefore, the only root of the quadratic equation 1x^2 - 30x + 144 = 0 is x = 12."
35x^2 - 1365x + 10150 = 0,45,True,"The equation 35x^2 - 1365x + 10150 = 0 factors to:

5(7x^2 - 273x + 2030) = 0

Now, we need to factor the quadratic 7x^2 - 273x + 2030. This factors to:

7x^2 - 245x - 28x + 2030
7x(x - 35) - 28(x - 35)
(7x - 28)(x - 35) = 0

Setting each factor to zero and solving for x gives:

7x - 28 = 0    or     x - 35 = 0
7x = 28             x = 35
x = 28/7              x = 35

So, the roots of the given quadratic equation are x = 4 and x = 35."
4x^2 - 80x + 204 = 0,45,True,"4x^2 - 80x + 204 = 0

First factor out a 4:

4(x^2 - 20x + 51) = 0

Now we need to find two numbers that multiply to 51 and add up to -20. The numbers are -3 and -17.

4(x - 3)(x - 17) = 0

Setting each factor to 0 and solving for x:

x - 3 = 0
x = 3

x - 17 = 0
x = 17

Therefore, the roots of the quadratic equation 4x^2 - 80x + 204 = 0 are x = 3 and x = 17."
3x^2 - 204x + 3393 = 0,45,True,"The factors of 3,393 are 1, 3, 1129, and 3393. 

The sum of -204 can be achieved by adding -201 and -3.

Therefore, the factored form of the equation is:
(3x - 201)(x - 17) = 0

Setting each factor to zero:
3x - 201 = 0
3x = 201
x = 67

x - 17 = 0
x = 17

So the roots of the equation 3x^2 - 204x + 3393 = 0 are x = 67 and x = 17."
45x^2 - 1755x + 14580 = 0,45,True,"To factor the quadratic equation 45x^2 - 1755x + 14580 = 0, we first look for two numbers that multiply to 45*14580= 664100 and add up to -1755.

After examining the factors of 664100, we find that 1215 and 545 satisfy these conditions.

Now we can rewrite the equation as:

45x^2 - 1215x - 545x + 14580 = 0
Taking out the common factors we have:
45x(x - 27) - 545(x - 27) = 0
(45x - 545)(x - 27) = 0

Setting each factor to zero gives us the roots:
45x - 545 = 0     or      x - 27 = 0
45x = 545             or      x = 27
x = 545/45          or      x = 27
x = 109/9             or      x = 27
x = 12.11            or       x = 27

Therefore, the roots of the given quadratic equation are x = 12.11 and x = 27."
8x^2 - 464x + 6443 = 0,45,False,"The factored form of the quadratic equation 8x^2 - 464x + 6443 = 0 is:

(8x - 181)(x - 37) = 0

Setting each factor to zero:

8x - 181 = 0    or    x - 37 = 0

Solving for x:

8x = 181    or    x = 37

x = 181/8    or    x = 37

Therefore, the roots of the quadratic equation 8x^2 - 464x + 6443 = 0 are x = 181/8 and x = 37."
17x^2 - 765x + 2831 = 0,45,False,"To factor the equation 17x^2 - 765x + 2831 = 0, we need to find two numbers that multiply to 17*2831 = 48227 and add up to -765.

By trial and error, we find that the numbers are -41 and -1186.

Therefore, we can rewrite the equation as:

17x^2 - 765x + 2831 = 0
17x^2 - 41x - 1186x + 2831 = 0
17x(x - 41) - 1186(x - 41) = 0
(17x - 1186)(x - 41) = 0

Therefore, the roots of the equation are x = 1186/17 = 70 and x = 41."
20x^2 - 840x + 1602 = 0,45,False,"The equation 20x^2 - 840x + 1602 = 0 does not seem to factor easily. Therefore, I'll use the quadratic formula:

The quadratic formula is given by:

x = (-b ± √(b^2 - 4ac)) / 2a

In this equation, a = 20, b = -840, and c = 1602.

Plugging these values into the quadratic formula, we get:

x = (840 ± √((-840)^2 - 4*20*1602)) / 2*20

x = (840 ± √(705600 - 128160)) / 40

x = (840 ± √577440) / 40

x = (840 ± 760) / 40

So, the roots of the quadratic equation 20x^2 - 840x + 1602 = 0 are:

x = (840 + 760) / 40 = 1600 / 40 = 40
x = (840 - 760) / 40 = 80 / 40 = 2

Therefore, the roots of the equation are x = 40 and x = 2."
8x^2 - 248x + 691 = 0,45,False,"I am unable to factor the equation 8x^2 - 248x + 691 = 0, so I will use the quadratic formula to find the roots.

The quadratic formula is given by x = (-b ± √(b^2 - 4ac)) / 2a, where the equation is in the form ax^2 + bx + c = 0.

In this case, the coefficients are:
a = 8
b = -248
c = 691

Plugging these values into the formula:
x = [248 ± √((-248)^2 - 4(8)(691))] / (2(8))
x = [248 ± √(61504 - 5528)] / 16
x = [248 ± √(55976)] / 16
x = [248 ± 236] / 16

This gives us two possible roots:
x1 = (248 + 236) / 16 = 484 / 16 = 30.5
x2 = (248 - 236) / 16 = 12 / 16 = 0.75

Therefore, the roots of the quadratic equation 8x^2 - 248x + 691 = 0 are x = 30.5 and x = 0.75."
25x^2 - 1250x + 10006 = 0,45,False,"Given quadratic equation: 25x^2 - 1250x + 10006 = 0

To factor this equation, first divide through by 25:
x^2 - 50x + 400.24 = 0
This equation can be expressed in terms of perfect square trinomials:
(x-20)^2 = 0

So, the roots of the equation are:
x = 20

Therefore, the only root of the quadratic equation 25x^2 - 1250x + 10006 = 0 is x = 20."
29x^2 - 2088x + 37489 = 0,45,False,"The given quadratic equation is 29x^2 - 2088x + 37489 = 0.

To factor this quadratic equation, we need to find two numbers that multiply to 29 * 37489 = 1088641 (the constant term), and add up to -2088 (the coefficient of the x term).

After trying different pairs of numbers, we find that -1033 and -1055 satisfy the conditions.

Therefore, we can factor the equation as:

29x^2 - 2088x + 37489 = 29x^2 - 1033x - 1055x + 37489
= 29x(x - 1033) - 1055(x - 1033)
= (29x - 1055)(x - 1033) = 0

Setting each factor to zero gives:

29x - 1055 = 0   or   x - 1033 = 0

29x = 1055   or   x = 1033

x = 1055/29   or   x = 1033

Therefore, the roots of the quadratic equation 29x^2 - 2088x + 37489 = 0 are x = 1055/29 or x = 1033."
2x^2 - 118x + 1445 = 0,45,False,"The equation 2x^2 - 118x + 1445 = 0 cannot be factored easily. So, I will use the quadratic formula to find the roots.

The quadratic formula is given by:

x = (-b ± sqrt(b^2 - 4ac)) / 2a

In this equation, a = 2, b = -118, and c = 1445.

Plugging these values into the formula:

x = (118 ± sqrt((-118)^2 - 4*2*1445)) / 2*2
x = (118 ± sqrt(13924 - 5780)) / 4
x = (118 ± sqrt(8144)) / 4
x = (118 ± 90.21) / 4

Therefore, the roots of the equation 2x^2 - 118x + 1445 = 0 are:

x = (118 + 90.21) / 4 = 52.55
x = (118 - 90.21) / 4 = 6.95"
1x^2 - 60x + 921 = 0,45,False,"To factor the quadratic equation 1x^2 - 60x + 921 = 0, we need to find two numbers that multiply to 921 and add up to -60. 

The factors of 921 are 1, 3, 7, 13, 21, 39, 63, 91, 117, 273, 351, 819, 921.

After trying different combinations, let's try factoring it as (x - 39)(x - 21) = 0.

Expanding, we get:

x^2 - 21x - 39x + 819 = 0   (Applying FOIL)

x^2 - 60x + 819 = 0

It seems like this factorization doesn't work, so let's use the quadratic formula next.

The quadratic formula is given by:

x = (-b ± √(b^2 - 4ac)) / 2a

In this equation, a = 1, b = -60, and c = 921.

Plugging these values into the formula, we get:

x = (60 ± √((-60)^2 - 4*1*921)) / 2*1

x = (60 ± √(3600 - 3684)) / 2

x = (60 ± √(-84)) / 2

Since the square root of a negative number is imaginary, the roots of this equation are complex numbers.

Therefore, the roots of the equation 1x^2 - 60x + 921 = 0 are:

x = 30 + 3i and x = 30 - 3i."
1x^2 - 63x + 998 = 0,45,False,"The equation is 1x^2 - 63x + 998 = 0.

To factor this equation, we need to find two numbers that multiply to 998 and add up to -63.

The two numbers are -14 and -71, because -14 * -71 = 998 and -14 + (-71) = -85.

So, we rewrite the equation as:

x^2 - 14x - 71x + 998 = 0

Grouping the terms:

x(x - 14) - 71(x - 14) = 0

(x - 14)(x - 71) = 0

Setting each factor to zero gives us the roots:

x - 14 = 0 or x - 71 = 0

x = 14 or x = 71

Therefore, the roots of the equation 1x^2 - 63x + 998 = 0 are x = 14 and x = 71."
39x^2 - 2301x + 33736 = 0,45,False,"By factoring the equation $39x^2 - 2301x + 33736 = 0$, we get:

$39x^2 - 2301x + 33736 = (3x - 157)(13x - 215) = 0$

Setting each factor to zero, we get:

$3x - 157 = 0$ or $13x - 215 = 0$

Solving for x, we get:

$3x = 157 \Rightarrow x = \frac{157}{3} = 52.33$

$13x = 215 \Rightarrow x = \frac{215}{13} = 16.54$

Therefore, the roots of the quadratic equation $39x^2 - 2301x + 33736 = 0$ are $x = 52.33$ and $x = 16.54$."
