problem,original,word_length,shift,context,correct,index,prefix,switch,switch_index
ibt,has,3,1,"1. bit
2. tib
3. bti
4. itb
5. tbi

Since unscrambling as an anagram did not yield any meaningful English words, I will now try decrypting the ciphertext as a Caesar cipher with different shifts:

1. Shift of 1:
HAR

2. Shift of 2:
GZQ

3. Shift of 3:
FYP

4. Shift of 4:
EXO

5. Shift of 5:
DWN

None of the decrypted words are meaningful, so the original ciphertext ""ibt"" does not seem to correspond to any simple anagram or Caesar cipher.",0,0,"1. bit
2. tib
3. bti
4. itb
5. tbi

Since unscramb",1,0.0
ibt,has,3,1,"1. bit
2. tib
3. bti
4. itb
5. tbi

Since unscrambling as an anagram did not yield any meaningful English words, I will now try decrypting the ciphertext as a Caesar cipher with different shifts:

1. Shift of 1:
HAR

2. Shift of 2:
GZQ

3. Shift of 3:
FYP

4. Shift of 4:
EXO

5. Shift of 5:
DWN

None of the decrypted words are meaningful, so the original ciphertext ""ibt"" does not seem to correspond to any simple anagram or Caesar cipher.",0,1,"1. bit
2. tib
3. bti
4. itb
5. tbi

Since unscrambling as an anagram did not yield any meaningful En",1,0.0
ibt,has,3,1,"1. bit
2. tib
3. bti
4. itb
5. tbi

Since unscrambling as an anagram did not yield any meaningful English words, I will now try decrypting the ciphertext as a Caesar cipher with different shifts:

1. Shift of 1:
HAR

2. Shift of 2:
GZQ

3. Shift of 3:
FYP

4. Shift of 4:
EXO

5. Shift of 5:
DWN

None of the decrypted words are meaningful, so the original ciphertext ""ibt"" does not seem to correspond to any simple anagram or Caesar cipher.",0,2,"1. bit
2. tib
3. bti
4. itb
5. tbi

Since unscrambling as an anagram did not yield any meaningful English words, I will now try decrypting the ciphert",1,0.0
ibt,has,3,1,"1. bit
2. tib
3. bti
4. itb
5. tbi

Since unscrambling as an anagram did not yield any meaningful English words, I will now try decrypting the ciphertext as a Caesar cipher with different shifts:

1. Shift of 1:
HAR

2. Shift of 2:
GZQ

3. Shift of 3:
FYP

4. Shift of 4:
EXO

5. Shift of 5:
DWN

None of the decrypted words are meaningful, so the original ciphertext ""ibt"" does not seem to correspond to any simple anagram or Caesar cipher.",0,3,"1. bit
2. tib
3. bti
4. itb
5. tbi

Since unscrambling as an anagram did not yield any meaningful English words, I will now try decrypting the ciphertext as a Caesar cipher with different shifts:

1. ",1,0.0
ibt,has,3,1,"1. bit
2. tib
3. bti
4. itb
5. tbi

Since unscrambling as an anagram did not yield any meaningful English words, I will now try decrypting the ciphertext as a Caesar cipher with different shifts:

1. Shift of 1:
HAR

2. Shift of 2:
GZQ

3. Shift of 3:
FYP

4. Shift of 4:
EXO

5. Shift of 5:
DWN

None of the decrypted words are meaningful, so the original ciphertext ""ibt"" does not seem to correspond to any simple anagram or Caesar cipher.",0,4,"1. bit
2. tib
3. bti
4. itb
5. tbi

Since unscrambling as an anagram did not yield any meaningful English words, I will now try decrypting the ciphertext as a Caesar cipher with different shifts:

1. Shift of 1:
HAR

2. Shift of 2:
GZQ

3. Shift of 3",1,0.0
ibt,has,3,1,"1. bit
2. tib
3. bti
4. itb
5. tbi

Since unscrambling as an anagram did not yield any meaningful English words, I will now try decrypting the ciphertext as a Caesar cipher with different shifts:

1. Shift of 1:
HAR

2. Shift of 2:
GZQ

3. Shift of 3:
FYP

4. Shift of 4:
EXO

5. Shift of 5:
DWN

None of the decrypted words are meaningful, so the original ciphertext ""ibt"" does not seem to correspond to any simple anagram or Caesar cipher.",0,5,"1. bit
2. tib
3. bti
4. itb
5. tbi

Since unscrambling as an anagram did not yield any meaningful English words, I will now try decrypting the ciphertext as a Caesar cipher with different shifts:

1. Shift of 1:
HAR

2. Shift of 2:
GZQ

3. Shift of 3:
FYP

4. Shift of 4:
EXO

5. Shift of 5:
DWN

Non",1,0.0
ibt,has,3,1,"1. bit
2. tib
3. bti
4. itb
5. tbi

Since unscrambling as an anagram did not yield any meaningful English words, I will now try decrypting the ciphertext as a Caesar cipher with different shifts:

1. Shift of 1:
HAR

2. Shift of 2:
GZQ

3. Shift of 3:
FYP

4. Shift of 4:
EXO

5. Shift of 5:
DWN

None of the decrypted words are meaningful, so the original ciphertext ""ibt"" does not seem to correspond to any simple anagram or Caesar cipher.",0,6,"1. bit
2. tib
3. bti
4. itb
5. tbi

Since unscrambling as an anagram did not yield any meaningful English words, I will now try decrypting the ciphertext as a Caesar cipher with different shifts:

1. Shift of 1:
HAR

2. Shift of 2:
GZQ

3. Shift of 3:
FYP

4. Shift of 4:
EXO

5. Shift of 5:
DWN

None of the decrypted words are meaningful, so the or",1,0.0
ibt,has,3,1,"1. bit
2. tib
3. bti
4. itb
5. tbi

Since unscrambling as an anagram did not yield any meaningful English words, I will now try decrypting the ciphertext as a Caesar cipher with different shifts:

1. Shift of 1:
HAR

2. Shift of 2:
GZQ

3. Shift of 3:
FYP

4. Shift of 4:
EXO

5. Shift of 5:
DWN

None of the decrypted words are meaningful, so the original ciphertext ""ibt"" does not seem to correspond to any simple anagram or Caesar cipher.",0,7,"1. bit
2. tib
3. bti
4. itb
5. tbi

Since unscrambling as an anagram did not yield any meaningful English words, I will now try decrypting the ciphertext as a Caesar cipher with different shifts:

1. Shift of 1:
HAR

2. Shift of 2:
GZQ

3. Shift of 3:
FYP

4. Shift of 4:
EXO

5. Shift of 5:
DWN

None of the decrypted words are meaningful, so the original ciphertext ""ibt"" does not seem to correspon",1,0.0
ibt,has,3,1,"1. bit
2. tib
3. bti
4. itb
5. tbi

Since unscrambling as an anagram did not yield any meaningful English words, I will now try decrypting the ciphertext as a Caesar cipher with different shifts:

1. Shift of 1:
HAR

2. Shift of 2:
GZQ

3. Shift of 3:
FYP

4. Shift of 4:
EXO

5. Shift of 5:
DWN

None of the decrypted words are meaningful, so the original ciphertext ""ibt"" does not seem to correspond to any simple anagram or Caesar cipher.",0,8,"1. bit
2. tib
3. bti
4. itb
5. tbi

Since unscrambling as an anagram did not yield any meaningful English words, I will now try decrypting the ciphertext as a Caesar cipher with different shifts:

1. Shift of 1:
HAR

2. Shift of 2:
GZQ

3. Shift of 3:
FYP

4. Shift of 4:
EXO

5. Shift of 5:
DWN

None of the decrypted words are meaningful, so the original ciphertext ""ibt"" does not seem to correspond to any simple anagram or Caesar cipher.",1,0.0
ecp,can,3,2,"Anagram attempts:
1. cep
2. pec
3. cpe
4. epc
5. pce

Since none of the anagram attempts seem to form a recognizable English word, I will now try to decrypt the ciphertext using a Caesar cipher with different shift values.

Caesar cipher attempts:
Shift 1: dbo
Shift 2: can
Shift 3: bzm
Shift 4: ayl
Shift 5: zxk

The decrypted text for shift 2, ""can"", seems to be a valid English word.",1,0,"Anagram attempts:
1. cep
2. pec
3. cpe
4. epc
5. p",0,2.0
ecp,can,3,2,"Anagram attempts:
1. cep
2. pec
3. cpe
4. epc
5. pce

Since none of the anagram attempts seem to form a recognizable English word, I will now try to decrypt the ciphertext using a Caesar cipher with different shift values.

Caesar cipher attempts:
Shift 1: dbo
Shift 2: can
Shift 3: bzm
Shift 4: ayl
Shift 5: zxk

The decrypted text for shift 2, ""can"", seems to be a valid English word.",1,1,"Anagram attempts:
1. cep
2. pec
3. cpe
4. epc
5. pce

Since none of the anagram attempts seem to for",0,2.0
ecp,can,3,2,"Anagram attempts:
1. cep
2. pec
3. cpe
4. epc
5. pce

Since none of the anagram attempts seem to form a recognizable English word, I will now try to decrypt the ciphertext using a Caesar cipher with different shift values.

Caesar cipher attempts:
Shift 1: dbo
Shift 2: can
Shift 3: bzm
Shift 4: ayl
Shift 5: zxk

The decrypted text for shift 2, ""can"", seems to be a valid English word.",1,2,"Anagram attempts:
1. cep
2. pec
3. cpe
4. epc
5. pce

Since none of the anagram attempts seem to form a recognizable English word, I will now try to d",1,2.0
ecp,can,3,2,"Anagram attempts:
1. cep
2. pec
3. cpe
4. epc
5. pce

Since none of the anagram attempts seem to form a recognizable English word, I will now try to decrypt the ciphertext using a Caesar cipher with different shift values.

Caesar cipher attempts:
Shift 1: dbo
Shift 2: can
Shift 3: bzm
Shift 4: ayl
Shift 5: zxk

The decrypted text for shift 2, ""can"", seems to be a valid English word.",1,3,"Anagram attempts:
1. cep
2. pec
3. cpe
4. epc
5. pce

Since none of the anagram attempts seem to form a recognizable English word, I will now try to decrypt the ciphertext using a Caesar cipher with d",1,2.0
ecp,can,3,2,"Anagram attempts:
1. cep
2. pec
3. cpe
4. epc
5. pce

Since none of the anagram attempts seem to form a recognizable English word, I will now try to decrypt the ciphertext using a Caesar cipher with different shift values.

Caesar cipher attempts:
Shift 1: dbo
Shift 2: can
Shift 3: bzm
Shift 4: ayl
Shift 5: zxk

The decrypted text for shift 2, ""can"", seems to be a valid English word.",1,4,"Anagram attempts:
1. cep
2. pec
3. cpe
4. epc
5. pce

Since none of the anagram attempts seem to form a recognizable English word, I will now try to decrypt the ciphertext using a Caesar cipher with different shift values.

Caesar cipher attempts:
Sh",1,2.0
ecp,can,3,2,"Anagram attempts:
1. cep
2. pec
3. cpe
4. epc
5. pce

Since none of the anagram attempts seem to form a recognizable English word, I will now try to decrypt the ciphertext using a Caesar cipher with different shift values.

Caesar cipher attempts:
Shift 1: dbo
Shift 2: can
Shift 3: bzm
Shift 4: ayl
Shift 5: zxk

The decrypted text for shift 2, ""can"", seems to be a valid English word.",1,5,"Anagram attempts:
1. cep
2. pec
3. cpe
4. epc
5. pce

Since none of the anagram attempts seem to form a recognizable English word, I will now try to decrypt the ciphertext using a Caesar cipher with different shift values.

Caesar cipher attempts:
Shift 1: dbo
Shift 2: can
Shift 3: bzm
Shift 4: ayl
",1,2.0
ecp,can,3,2,"Anagram attempts:
1. cep
2. pec
3. cpe
4. epc
5. pce

Since none of the anagram attempts seem to form a recognizable English word, I will now try to decrypt the ciphertext using a Caesar cipher with different shift values.

Caesar cipher attempts:
Shift 1: dbo
Shift 2: can
Shift 3: bzm
Shift 4: ayl
Shift 5: zxk

The decrypted text for shift 2, ""can"", seems to be a valid English word.",1,6,"Anagram attempts:
1. cep
2. pec
3. cpe
4. epc
5. pce

Since none of the anagram attempts seem to form a recognizable English word, I will now try to decrypt the ciphertext using a Caesar cipher with different shift values.

Caesar cipher attempts:
Shift 1: dbo
Shift 2: can
Shift 3: bzm
Shift 4: ayl
Shift 5: zxk

The decrypted text for shift 2, ""can",1,2.0
ecp,can,3,2,"Anagram attempts:
1. cep
2. pec
3. cpe
4. epc
5. pce

Since none of the anagram attempts seem to form a recognizable English word, I will now try to decrypt the ciphertext using a Caesar cipher with different shift values.

Caesar cipher attempts:
Shift 1: dbo
Shift 2: can
Shift 3: bzm
Shift 4: ayl
Shift 5: zxk

The decrypted text for shift 2, ""can"", seems to be a valid English word.",1,7,"Anagram attempts:
1. cep
2. pec
3. cpe
4. epc
5. pce

Since none of the anagram attempts seem to form a recognizable English word, I will now try to decrypt the ciphertext using a Caesar cipher with different shift values.

Caesar cipher attempts:
Shift 1: dbo
Shift 2: can
Shift 3: bzm
Shift 4: ayl
Shift 5: zxk

The decrypted text for shift 2, ""can"", seems to be a valid English word.",1,2.0
dqg,and,3,3,"1. qdg
2. gqd
3. qgd
4. dqq
5. gdq",0,0,"1. qdg
2. gqd
3. qgd
4. dqq
5. gdq",0,
xli,the,3,4,"1. ""lix""
2. ""ilx""
3. ""xil""
4. ""ixl""
5. ""lxi""",0,0,"1. ""lix""
2. ""ilx""
3. ""xil""
4. ""ixl""
5. ""lxi""",0,
tsj,one,3,5,"1. jst
2. sjt
3. tjs
4. jts
5. stj

Now, I will try decrypting the ciphertext using a Caesar cipher with different shifts:

1. Shift 1: sri
2. Shift 2: rhg
3. Shift 3: qgf
4. Shift 4: pfe
5. Shift 5: oed

It looks like none of the attempts to unscramble the ciphertext as an anagram or decrypt it using a Caesar cipher have resulted in a recognizable English word.",1,0,"1. jst
2. sjt
3. tjs
4. jts
5. stj

Now, I will tr",1,0.0
tsj,one,3,5,"1. jst
2. sjt
3. tjs
4. jts
5. stj

Now, I will try decrypting the ciphertext using a Caesar cipher with different shifts:

1. Shift 1: sri
2. Shift 2: rhg
3. Shift 3: qgf
4. Shift 4: pfe
5. Shift 5: oed

It looks like none of the attempts to unscramble the ciphertext as an anagram or decrypt it using a Caesar cipher have resulted in a recognizable English word.",1,1,"1. jst
2. sjt
3. tjs
4. jts
5. stj

Now, I will try decrypting the ciphertext using a Caesar cipher ",1,0.0
tsj,one,3,5,"1. jst
2. sjt
3. tjs
4. jts
5. stj

Now, I will try decrypting the ciphertext using a Caesar cipher with different shifts:

1. Shift 1: sri
2. Shift 2: rhg
3. Shift 3: qgf
4. Shift 4: pfe
5. Shift 5: oed

It looks like none of the attempts to unscramble the ciphertext as an anagram or decrypt it using a Caesar cipher have resulted in a recognizable English word.",1,2,"1. jst
2. sjt
3. tjs
4. jts
5. stj

Now, I will try decrypting the ciphertext using a Caesar cipher with different shifts:

1. Shift 1: sri
2. Shift 2",1,0.0
tsj,one,3,5,"1. jst
2. sjt
3. tjs
4. jts
5. stj

Now, I will try decrypting the ciphertext using a Caesar cipher with different shifts:

1. Shift 1: sri
2. Shift 2: rhg
3. Shift 3: qgf
4. Shift 4: pfe
5. Shift 5: oed

It looks like none of the attempts to unscramble the ciphertext as an anagram or decrypt it using a Caesar cipher have resulted in a recognizable English word.",1,3,"1. jst
2. sjt
3. tjs
4. jts
5. stj

Now, I will try decrypting the ciphertext using a Caesar cipher with different shifts:

1. Shift 1: sri
2. Shift 2: rhg
3. Shift 3: qgf
4. Shift 4: pfe
5. Shift 5: ",1,0.0
tsj,one,3,5,"1. jst
2. sjt
3. tjs
4. jts
5. stj

Now, I will try decrypting the ciphertext using a Caesar cipher with different shifts:

1. Shift 1: sri
2. Shift 2: rhg
3. Shift 3: qgf
4. Shift 4: pfe
5. Shift 5: oed

It looks like none of the attempts to unscramble the ciphertext as an anagram or decrypt it using a Caesar cipher have resulted in a recognizable English word.",1,4,"1. jst
2. sjt
3. tjs
4. jts
5. stj

Now, I will try decrypting the ciphertext using a Caesar cipher with different shifts:

1. Shift 1: sri
2. Shift 2: rhg
3. Shift 3: qgf
4. Shift 4: pfe
5. Shift 5: oed

It looks like none of the attempts to unscram",1,0.0
tsj,one,3,5,"1. jst
2. sjt
3. tjs
4. jts
5. stj

Now, I will try decrypting the ciphertext using a Caesar cipher with different shifts:

1. Shift 1: sri
2. Shift 2: rhg
3. Shift 3: qgf
4. Shift 4: pfe
5. Shift 5: oed

It looks like none of the attempts to unscramble the ciphertext as an anagram or decrypt it using a Caesar cipher have resulted in a recognizable English word.",1,5,"1. jst
2. sjt
3. tjs
4. jts
5. stj

Now, I will try decrypting the ciphertext using a Caesar cipher with different shifts:

1. Shift 1: sri
2. Shift 2: rhg
3. Shift 3: qgf
4. Shift 4: pfe
5. Shift 5: oed

It looks like none of the attempts to unscramble the ciphertext as an anagram or decrypt it usi",1,0.0
tsj,one,3,5,"1. jst
2. sjt
3. tjs
4. jts
5. stj

Now, I will try decrypting the ciphertext using a Caesar cipher with different shifts:

1. Shift 1: sri
2. Shift 2: rhg
3. Shift 3: qgf
4. Shift 4: pfe
5. Shift 5: oed

It looks like none of the attempts to unscramble the ciphertext as an anagram or decrypt it using a Caesar cipher have resulted in a recognizable English word.",1,6,"1. jst
2. sjt
3. tjs
4. jts
5. stj

Now, I will try decrypting the ciphertext using a Caesar cipher with different shifts:

1. Shift 1: sri
2. Shift 2: rhg
3. Shift 3: qgf
4. Shift 4: pfe
5. Shift 5: oed

It looks like none of the attempts to unscramble the ciphertext as an anagram or decrypt it using a Caesar cipher have resulted in a recognizable",1,0.0
tsj,one,3,5,"1. jst
2. sjt
3. tjs
4. jts
5. stj

Now, I will try decrypting the ciphertext using a Caesar cipher with different shifts:

1. Shift 1: sri
2. Shift 2: rhg
3. Shift 3: qgf
4. Shift 4: pfe
5. Shift 5: oed

It looks like none of the attempts to unscramble the ciphertext as an anagram or decrypt it using a Caesar cipher have resulted in a recognizable English word.",1,7,"1. jst
2. sjt
3. tjs
4. jts
5. stj

Now, I will try decrypting the ciphertext using a Caesar cipher with different shifts:

1. Shift 1: sri
2. Shift 2: rhg
3. Shift 3: qgf
4. Shift 4: pfe
5. Shift 5: oed

It looks like none of the attempts to unscramble the ciphertext as an anagram or decrypt it using a Caesar cipher have resulted in a recognizable English word.",1,0.0
tbje,said,4,1,"1. jet
2. bet
3. bet
4. bet
5. bet",0,0,"1. jet
2. bet
3. bet
4. bet
5. bet",0,
hkxg,five,4,2,"1. ghxk
2. gkhx
3. kgxh
4. gxkh
5. kghx

Now, I will try decrypting the ciphertext using a Caesar cipher and testing at least 5 different shifts.

Shift 1:
h -> g
k -> j
x -> w
g -> f
Decrypted: gjwf

Shift 2:
h -> g
k -> j
x -> w
g -> f
Decrypted: gjwf

Shift 3:
h -> g
k -> j
x -> w
g -> f
Decrypted: gjwf

Unfortunately, it seems that decrypting the ciphertext as a Caesar cipher does not yield any meaningful results. It is possible that the original word is an anagram that cannot be easily unscrambled.",0,0,"1. ghxk
2. gkhx
3. kgxh
4. gxkh
5. kghx

Now, I wi",0,1.0
hkxg,five,4,2,"1. ghxk
2. gkhx
3. kgxh
4. gxkh
5. kghx

Now, I will try decrypting the ciphertext using a Caesar cipher and testing at least 5 different shifts.

Shift 1:
h -> g
k -> j
x -> w
g -> f
Decrypted: gjwf

Shift 2:
h -> g
k -> j
x -> w
g -> f
Decrypted: gjwf

Shift 3:
h -> g
k -> j
x -> w
g -> f
Decrypted: gjwf

Unfortunately, it seems that decrypting the ciphertext as a Caesar cipher does not yield any meaningful results. It is possible that the original word is an anagram that cannot be easily unscrambled.",0,1,"1. ghxk
2. gkhx
3. kgxh
4. gxkh
5. kghx

Now, I will try decrypting the ciphertext using a Caesar ci",1,1.0
hkxg,five,4,2,"1. ghxk
2. gkhx
3. kgxh
4. gxkh
5. kghx

Now, I will try decrypting the ciphertext using a Caesar cipher and testing at least 5 different shifts.

Shift 1:
h -> g
k -> j
x -> w
g -> f
Decrypted: gjwf

Shift 2:
h -> g
k -> j
x -> w
g -> f
Decrypted: gjwf

Shift 3:
h -> g
k -> j
x -> w
g -> f
Decrypted: gjwf

Unfortunately, it seems that decrypting the ciphertext as a Caesar cipher does not yield any meaningful results. It is possible that the original word is an anagram that cannot be easily unscrambled.",0,2,"1. ghxk
2. gkhx
3. kgxh
4. gxkh
5. kghx

Now, I will try decrypting the ciphertext using a Caesar cipher and testing at least 5 different shifts.

Shi",1,1.0
hkxg,five,4,2,"1. ghxk
2. gkhx
3. kgxh
4. gxkh
5. kghx

Now, I will try decrypting the ciphertext using a Caesar cipher and testing at least 5 different shifts.

Shift 1:
h -> g
k -> j
x -> w
g -> f
Decrypted: gjwf

Shift 2:
h -> g
k -> j
x -> w
g -> f
Decrypted: gjwf

Shift 3:
h -> g
k -> j
x -> w
g -> f
Decrypted: gjwf

Unfortunately, it seems that decrypting the ciphertext as a Caesar cipher does not yield any meaningful results. It is possible that the original word is an anagram that cannot be easily unscrambled.",0,3,"1. ghxk
2. gkhx
3. kgxh
4. gxkh
5. kghx

Now, I will try decrypting the ciphertext using a Caesar cipher and testing at least 5 different shifts.

Shift 1:
h -> g
k -> j
x -> w
g -> f
Decrypted: gjwf
",1,1.0
hkxg,five,4,2,"1. ghxk
2. gkhx
3. kgxh
4. gxkh
5. kghx

Now, I will try decrypting the ciphertext using a Caesar cipher and testing at least 5 different shifts.

Shift 1:
h -> g
k -> j
x -> w
g -> f
Decrypted: gjwf

Shift 2:
h -> g
k -> j
x -> w
g -> f
Decrypted: gjwf

Shift 3:
h -> g
k -> j
x -> w
g -> f
Decrypted: gjwf

Unfortunately, it seems that decrypting the ciphertext as a Caesar cipher does not yield any meaningful results. It is possible that the original word is an anagram that cannot be easily unscrambled.",0,4,"1. ghxk
2. gkhx
3. kgxh
4. gxkh
5. kghx

Now, I will try decrypting the ciphertext using a Caesar cipher and testing at least 5 different shifts.

Shift 1:
h -> g
k -> j
x -> w
g -> f
Decrypted: gjwf

Shift 2:
h -> g
k -> j
x -> w
g -> f
Decrypted: g",1,1.0
hkxg,five,4,2,"1. ghxk
2. gkhx
3. kgxh
4. gxkh
5. kghx

Now, I will try decrypting the ciphertext using a Caesar cipher and testing at least 5 different shifts.

Shift 1:
h -> g
k -> j
x -> w
g -> f
Decrypted: gjwf

Shift 2:
h -> g
k -> j
x -> w
g -> f
Decrypted: gjwf

Shift 3:
h -> g
k -> j
x -> w
g -> f
Decrypted: gjwf

Unfortunately, it seems that decrypting the ciphertext as a Caesar cipher does not yield any meaningful results. It is possible that the original word is an anagram that cannot be easily unscrambled.",0,5,"1. ghxk
2. gkhx
3. kgxh
4. gxkh
5. kghx

Now, I will try decrypting the ciphertext using a Caesar cipher and testing at least 5 different shifts.

Shift 1:
h -> g
k -> j
x -> w
g -> f
Decrypted: gjwf

Shift 2:
h -> g
k -> j
x -> w
g -> f
Decrypted: gjwf

Shift 3:
h -> g
k -> j
x -> w
g -> f
Decrypte",1,1.0
hkxg,five,4,2,"1. ghxk
2. gkhx
3. kgxh
4. gxkh
5. kghx

Now, I will try decrypting the ciphertext using a Caesar cipher and testing at least 5 different shifts.

Shift 1:
h -> g
k -> j
x -> w
g -> f
Decrypted: gjwf

Shift 2:
h -> g
k -> j
x -> w
g -> f
Decrypted: gjwf

Shift 3:
h -> g
k -> j
x -> w
g -> f
Decrypted: gjwf

Unfortunately, it seems that decrypting the ciphertext as a Caesar cipher does not yield any meaningful results. It is possible that the original word is an anagram that cannot be easily unscrambled.",0,6,"1. ghxk
2. gkhx
3. kgxh
4. gxkh
5. kghx

Now, I will try decrypting the ciphertext using a Caesar cipher and testing at least 5 different shifts.

Shift 1:
h -> g
k -> j
x -> w
g -> f
Decrypted: gjwf

Shift 2:
h -> g
k -> j
x -> w
g -> f
Decrypted: gjwf

Shift 3:
h -> g
k -> j
x -> w
g -> f
Decrypted: gjwf

Unfortunately, it seems that decrypting t",1,1.0
hkxg,five,4,2,"1. ghxk
2. gkhx
3. kgxh
4. gxkh
5. kghx

Now, I will try decrypting the ciphertext using a Caesar cipher and testing at least 5 different shifts.

Shift 1:
h -> g
k -> j
x -> w
g -> f
Decrypted: gjwf

Shift 2:
h -> g
k -> j
x -> w
g -> f
Decrypted: gjwf

Shift 3:
h -> g
k -> j
x -> w
g -> f
Decrypted: gjwf

Unfortunately, it seems that decrypting the ciphertext as a Caesar cipher does not yield any meaningful results. It is possible that the original word is an anagram that cannot be easily unscrambled.",0,7,"1. ghxk
2. gkhx
3. kgxh
4. gxkh
5. kghx

Now, I will try decrypting the ciphertext using a Caesar cipher and testing at least 5 different shifts.

Shift 1:
h -> g
k -> j
x -> w
g -> f
Decrypted: gjwf

Shift 2:
h -> g
k -> j
x -> w
g -> f
Decrypted: gjwf

Shift 3:
h -> g
k -> j
x -> w
g -> f
Decrypted: gjwf

Unfortunately, it seems that decrypting the ciphertext as a Caesar cipher does not yield an",1,1.0
hkxg,five,4,2,"1. ghxk
2. gkhx
3. kgxh
4. gxkh
5. kghx

Now, I will try decrypting the ciphertext using a Caesar cipher and testing at least 5 different shifts.

Shift 1:
h -> g
k -> j
x -> w
g -> f
Decrypted: gjwf

Shift 2:
h -> g
k -> j
x -> w
g -> f
Decrypted: gjwf

Shift 3:
h -> g
k -> j
x -> w
g -> f
Decrypted: gjwf

Unfortunately, it seems that decrypting the ciphertext as a Caesar cipher does not yield any meaningful results. It is possible that the original word is an anagram that cannot be easily unscrambled.",0,8,"1. ghxk
2. gkhx
3. kgxh
4. gxkh
5. kghx

Now, I will try decrypting the ciphertext using a Caesar cipher and testing at least 5 different shifts.

Shift 1:
h -> g
k -> j
x -> w
g -> f
Decrypted: gjwf

Shift 2:
h -> g
k -> j
x -> w
g -> f
Decrypted: gjwf

Shift 3:
h -> g
k -> j
x -> w
g -> f
Decrypted: gjwf

Unfortunately, it seems that decrypting the ciphertext as a Caesar cipher does not yield any meaningful results. It is possible that the orig",1,1.0
hkxg,five,4,2,"1. ghxk
2. gkhx
3. kgxh
4. gxkh
5. kghx

Now, I will try decrypting the ciphertext using a Caesar cipher and testing at least 5 different shifts.

Shift 1:
h -> g
k -> j
x -> w
g -> f
Decrypted: gjwf

Shift 2:
h -> g
k -> j
x -> w
g -> f
Decrypted: gjwf

Shift 3:
h -> g
k -> j
x -> w
g -> f
Decrypted: gjwf

Unfortunately, it seems that decrypting the ciphertext as a Caesar cipher does not yield any meaningful results. It is possible that the original word is an anagram that cannot be easily unscrambled.",0,9,"1. ghxk
2. gkhx
3. kgxh
4. gxkh
5. kghx

Now, I will try decrypting the ciphertext using a Caesar cipher and testing at least 5 different shifts.

Shift 1:
h -> g
k -> j
x -> w
g -> f
Decrypted: gjwf

Shift 2:
h -> g
k -> j
x -> w
g -> f
Decrypted: gjwf

Shift 3:
h -> g
k -> j
x -> w
g -> f
Decrypted: gjwf

Unfortunately, it seems that decrypting the ciphertext as a Caesar cipher does not yield any meaningful results. It is possible that the original word is an anagram that cannot be easily unsc",1,1.0
hkxg,five,4,2,"1. ghxk
2. gkhx
3. kgxh
4. gxkh
5. kghx

Now, I will try decrypting the ciphertext using a Caesar cipher and testing at least 5 different shifts.

Shift 1:
h -> g
k -> j
x -> w
g -> f
Decrypted: gjwf

Shift 2:
h -> g
k -> j
x -> w
g -> f
Decrypted: gjwf

Shift 3:
h -> g
k -> j
x -> w
g -> f
Decrypted: gjwf

Unfortunately, it seems that decrypting the ciphertext as a Caesar cipher does not yield any meaningful results. It is possible that the original word is an anagram that cannot be easily unscrambled.",0,10,"1. ghxk
2. gkhx
3. kgxh
4. gxkh
5. kghx

Now, I will try decrypting the ciphertext using a Caesar cipher and testing at least 5 different shifts.

Shift 1:
h -> g
k -> j
x -> w
g -> f
Decrypted: gjwf

Shift 2:
h -> g
k -> j
x -> w
g -> f
Decrypted: gjwf

Shift 3:
h -> g
k -> j
x -> w
g -> f
Decrypted: gjwf

Unfortunately, it seems that decrypting the ciphertext as a Caesar cipher does not yield any meaningful results. It is possible that the original word is an anagram that cannot be easily unscrambled.",1,1.0
zhuh,were,4,3,"1. huzh
2. huhz
3. zhhu
4. zuhh
5. hzuh

Since unscrambling as an anagram didn't result in any recognizable English word, I will now try to decrypt it using a Caesar cipher with different shifts:

Shift 1: ygtr
Shift 2: xfsq
Shift 3: werp
Shift 4: vdqo
Shift 5: ucpn

None of the Caesar cipher decoding attempts gave me a recognizable English word. It is possible that the ciphertext is not a simple Caesar cipher or an anagram of an English word.",0,0,"1. huzh
2. huhz
3. zhhu
4. zuhh
5. hzuh

Since uns",0,2.0
zhuh,were,4,3,"1. huzh
2. huhz
3. zhhu
4. zuhh
5. hzuh

Since unscrambling as an anagram didn't result in any recognizable English word, I will now try to decrypt it using a Caesar cipher with different shifts:

Shift 1: ygtr
Shift 2: xfsq
Shift 3: werp
Shift 4: vdqo
Shift 5: ucpn

None of the Caesar cipher decoding attempts gave me a recognizable English word. It is possible that the ciphertext is not a simple Caesar cipher or an anagram of an English word.",0,1,"1. huzh
2. huhz
3. zhhu
4. zuhh
5. hzuh

Since unscrambling as an anagram didn't result in any recog",0,2.0
zhuh,were,4,3,"1. huzh
2. huhz
3. zhhu
4. zuhh
5. hzuh

Since unscrambling as an anagram didn't result in any recognizable English word, I will now try to decrypt it using a Caesar cipher with different shifts:

Shift 1: ygtr
Shift 2: xfsq
Shift 3: werp
Shift 4: vdqo
Shift 5: ucpn

None of the Caesar cipher decoding attempts gave me a recognizable English word. It is possible that the ciphertext is not a simple Caesar cipher or an anagram of an English word.",0,2,"1. huzh
2. huhz
3. zhhu
4. zuhh
5. hzuh

Since unscrambling as an anagram didn't result in any recognizable English word, I will now try to decrypt it",1,2.0
zhuh,were,4,3,"1. huzh
2. huhz
3. zhhu
4. zuhh
5. hzuh

Since unscrambling as an anagram didn't result in any recognizable English word, I will now try to decrypt it using a Caesar cipher with different shifts:

Shift 1: ygtr
Shift 2: xfsq
Shift 3: werp
Shift 4: vdqo
Shift 5: ucpn

None of the Caesar cipher decoding attempts gave me a recognizable English word. It is possible that the ciphertext is not a simple Caesar cipher or an anagram of an English word.",0,3,"1. huzh
2. huhz
3. zhhu
4. zuhh
5. hzuh

Since unscrambling as an anagram didn't result in any recognizable English word, I will now try to decrypt it using a Caesar cipher with different shifts:

Shi",1,2.0
zhuh,were,4,3,"1. huzh
2. huhz
3. zhhu
4. zuhh
5. hzuh

Since unscrambling as an anagram didn't result in any recognizable English word, I will now try to decrypt it using a Caesar cipher with different shifts:

Shift 1: ygtr
Shift 2: xfsq
Shift 3: werp
Shift 4: vdqo
Shift 5: ucpn

None of the Caesar cipher decoding attempts gave me a recognizable English word. It is possible that the ciphertext is not a simple Caesar cipher or an anagram of an English word.",0,4,"1. huzh
2. huhz
3. zhhu
4. zuhh
5. hzuh

Since unscrambling as an anagram didn't result in any recognizable English word, I will now try to decrypt it using a Caesar cipher with different shifts:

Shift 1: ygtr
Shift 2: xfsq
Shift 3: werp
Shift 4: vd",1,2.0
zhuh,were,4,3,"1. huzh
2. huhz
3. zhhu
4. zuhh
5. hzuh

Since unscrambling as an anagram didn't result in any recognizable English word, I will now try to decrypt it using a Caesar cipher with different shifts:

Shift 1: ygtr
Shift 2: xfsq
Shift 3: werp
Shift 4: vdqo
Shift 5: ucpn

None of the Caesar cipher decoding attempts gave me a recognizable English word. It is possible that the ciphertext is not a simple Caesar cipher or an anagram of an English word.",0,5,"1. huzh
2. huhz
3. zhhu
4. zuhh
5. hzuh

Since unscrambling as an anagram didn't result in any recognizable English word, I will now try to decrypt it using a Caesar cipher with different shifts:

Shift 1: ygtr
Shift 2: xfsq
Shift 3: werp
Shift 4: vdqo
Shift 5: ucpn

None of the Caesar cipher decodi",1,2.0
zhuh,were,4,3,"1. huzh
2. huhz
3. zhhu
4. zuhh
5. hzuh

Since unscrambling as an anagram didn't result in any recognizable English word, I will now try to decrypt it using a Caesar cipher with different shifts:

Shift 1: ygtr
Shift 2: xfsq
Shift 3: werp
Shift 4: vdqo
Shift 5: ucpn

None of the Caesar cipher decoding attempts gave me a recognizable English word. It is possible that the ciphertext is not a simple Caesar cipher or an anagram of an English word.",0,6,"1. huzh
2. huhz
3. zhhu
4. zuhh
5. hzuh

Since unscrambling as an anagram didn't result in any recognizable English word, I will now try to decrypt it using a Caesar cipher with different shifts:

Shift 1: ygtr
Shift 2: xfsq
Shift 3: werp
Shift 4: vdqo
Shift 5: ucpn

None of the Caesar cipher decoding attempts gave me a recognizable English word. I",1,2.0
zhuh,were,4,3,"1. huzh
2. huhz
3. zhhu
4. zuhh
5. hzuh

Since unscrambling as an anagram didn't result in any recognizable English word, I will now try to decrypt it using a Caesar cipher with different shifts:

Shift 1: ygtr
Shift 2: xfsq
Shift 3: werp
Shift 4: vdqo
Shift 5: ucpn

None of the Caesar cipher decoding attempts gave me a recognizable English word. It is possible that the ciphertext is not a simple Caesar cipher or an anagram of an English word.",0,7,"1. huzh
2. huhz
3. zhhu
4. zuhh
5. hzuh

Since unscrambling as an anagram didn't result in any recognizable English word, I will now try to decrypt it using a Caesar cipher with different shifts:

Shift 1: ygtr
Shift 2: xfsq
Shift 3: werp
Shift 4: vdqo
Shift 5: ucpn

None of the Caesar cipher decoding attempts gave me a recognizable English word. It is possible that the ciphertext is not a simple ",1,2.0
zhuh,were,4,3,"1. huzh
2. huhz
3. zhhu
4. zuhh
5. hzuh

Since unscrambling as an anagram didn't result in any recognizable English word, I will now try to decrypt it using a Caesar cipher with different shifts:

Shift 1: ygtr
Shift 2: xfsq
Shift 3: werp
Shift 4: vdqo
Shift 5: ucpn

None of the Caesar cipher decoding attempts gave me a recognizable English word. It is possible that the ciphertext is not a simple Caesar cipher or an anagram of an English word.",0,8,"1. huzh
2. huhz
3. zhhu
4. zuhh
5. hzuh

Since unscrambling as an anagram didn't result in any recognizable English word, I will now try to decrypt it using a Caesar cipher with different shifts:

Shift 1: ygtr
Shift 2: xfsq
Shift 3: werp
Shift 4: vdqo
Shift 5: ucpn

None of the Caesar cipher decoding attempts gave me a recognizable English word. It is possible that the ciphertext is not a simple Caesar cipher or an anagram of an English word.",1,2.0
wecw,says,4,4,"1. wcew
2. cww
3. wewc
4. ewcw
5. cwe

Now I will try to decrypt the ciphertext using a Caesar cipher with different shifts:

1. Shift 1: vdbv
2. Shift 2: ucau
3. Shift 3: tbat
4. Shift 4: sazs
5. Shift 5: rzyr

None of these attempts yielded a recognizable English word. Let me try running the Caesar cipher through a different shift rotation.

1. Shift 6: qxbq
2. Shift 7: pwap
3. Shift 8: ovzo
4. Shift 9: nuyn
5. Shift 10: mtxm

Still no luck. I will continue testing with different shifts until finding the correct decryption for the ciphertext.",0,0,"1. wcew
2. cww
3. wewc
4. ewcw
5. cwe

Now I will ",1,0.0
wecw,says,4,4,"1. wcew
2. cww
3. wewc
4. ewcw
5. cwe

Now I will try to decrypt the ciphertext using a Caesar cipher with different shifts:

1. Shift 1: vdbv
2. Shift 2: ucau
3. Shift 3: tbat
4. Shift 4: sazs
5. Shift 5: rzyr

None of these attempts yielded a recognizable English word. Let me try running the Caesar cipher through a different shift rotation.

1. Shift 6: qxbq
2. Shift 7: pwap
3. Shift 8: ovzo
4. Shift 9: nuyn
5. Shift 10: mtxm

Still no luck. I will continue testing with different shifts until finding the correct decryption for the ciphertext.",0,1,"1. wcew
2. cww
3. wewc
4. ewcw
5. cwe

Now I will try to decrypt the ciphertext using a Caesar ciphe",1,0.0
wecw,says,4,4,"1. wcew
2. cww
3. wewc
4. ewcw
5. cwe

Now I will try to decrypt the ciphertext using a Caesar cipher with different shifts:

1. Shift 1: vdbv
2. Shift 2: ucau
3. Shift 3: tbat
4. Shift 4: sazs
5. Shift 5: rzyr

None of these attempts yielded a recognizable English word. Let me try running the Caesar cipher through a different shift rotation.

1. Shift 6: qxbq
2. Shift 7: pwap
3. Shift 8: ovzo
4. Shift 9: nuyn
5. Shift 10: mtxm

Still no luck. I will continue testing with different shifts until finding the correct decryption for the ciphertext.",0,2,"1. wcew
2. cww
3. wewc
4. ewcw
5. cwe

Now I will try to decrypt the ciphertext using a Caesar cipher with different shifts:

1. Shift 1: vdbv
2. Shif",1,0.0
wecw,says,4,4,"1. wcew
2. cww
3. wewc
4. ewcw
5. cwe

Now I will try to decrypt the ciphertext using a Caesar cipher with different shifts:

1. Shift 1: vdbv
2. Shift 2: ucau
3. Shift 3: tbat
4. Shift 4: sazs
5. Shift 5: rzyr

None of these attempts yielded a recognizable English word. Let me try running the Caesar cipher through a different shift rotation.

1. Shift 6: qxbq
2. Shift 7: pwap
3. Shift 8: ovzo
4. Shift 9: nuyn
5. Shift 10: mtxm

Still no luck. I will continue testing with different shifts until finding the correct decryption for the ciphertext.",0,3,"1. wcew
2. cww
3. wewc
4. ewcw
5. cwe

Now I will try to decrypt the ciphertext using a Caesar cipher with different shifts:

1. Shift 1: vdbv
2. Shift 2: ucau
3. Shift 3: tbat
4. Shift 4: sazs
5. Shi",1,0.0
wecw,says,4,4,"1. wcew
2. cww
3. wewc
4. ewcw
5. cwe

Now I will try to decrypt the ciphertext using a Caesar cipher with different shifts:

1. Shift 1: vdbv
2. Shift 2: ucau
3. Shift 3: tbat
4. Shift 4: sazs
5. Shift 5: rzyr

None of these attempts yielded a recognizable English word. Let me try running the Caesar cipher through a different shift rotation.

1. Shift 6: qxbq
2. Shift 7: pwap
3. Shift 8: ovzo
4. Shift 9: nuyn
5. Shift 10: mtxm

Still no luck. I will continue testing with different shifts until finding the correct decryption for the ciphertext.",0,4,"1. wcew
2. cww
3. wewc
4. ewcw
5. cwe

Now I will try to decrypt the ciphertext using a Caesar cipher with different shifts:

1. Shift 1: vdbv
2. Shift 2: ucau
3. Shift 3: tbat
4. Shift 4: sazs
5. Shift 5: rzyr

None of these attempts yielded a recog",1,0.0
wecw,says,4,4,"1. wcew
2. cww
3. wewc
4. ewcw
5. cwe

Now I will try to decrypt the ciphertext using a Caesar cipher with different shifts:

1. Shift 1: vdbv
2. Shift 2: ucau
3. Shift 3: tbat
4. Shift 4: sazs
5. Shift 5: rzyr

None of these attempts yielded a recognizable English word. Let me try running the Caesar cipher through a different shift rotation.

1. Shift 6: qxbq
2. Shift 7: pwap
3. Shift 8: ovzo
4. Shift 9: nuyn
5. Shift 10: mtxm

Still no luck. I will continue testing with different shifts until finding the correct decryption for the ciphertext.",0,5,"1. wcew
2. cww
3. wewc
4. ewcw
5. cwe

Now I will try to decrypt the ciphertext using a Caesar cipher with different shifts:

1. Shift 1: vdbv
2. Shift 2: ucau
3. Shift 3: tbat
4. Shift 4: sazs
5. Shift 5: rzyr

None of these attempts yielded a recognizable English word. Let me try running the Caesa",1,0.0
wecw,says,4,4,"1. wcew
2. cww
3. wewc
4. ewcw
5. cwe

Now I will try to decrypt the ciphertext using a Caesar cipher with different shifts:

1. Shift 1: vdbv
2. Shift 2: ucau
3. Shift 3: tbat
4. Shift 4: sazs
5. Shift 5: rzyr

None of these attempts yielded a recognizable English word. Let me try running the Caesar cipher through a different shift rotation.

1. Shift 6: qxbq
2. Shift 7: pwap
3. Shift 8: ovzo
4. Shift 9: nuyn
5. Shift 10: mtxm

Still no luck. I will continue testing with different shifts until finding the correct decryption for the ciphertext.",0,6,"1. wcew
2. cww
3. wewc
4. ewcw
5. cwe

Now I will try to decrypt the ciphertext using a Caesar cipher with different shifts:

1. Shift 1: vdbv
2. Shift 2: ucau
3. Shift 3: tbat
4. Shift 4: sazs
5. Shift 5: rzyr

None of these attempts yielded a recognizable English word. Let me try running the Caesar cipher through a different shift rotation.

1. S",1,0.0
wecw,says,4,4,"1. wcew
2. cww
3. wewc
4. ewcw
5. cwe

Now I will try to decrypt the ciphertext using a Caesar cipher with different shifts:

1. Shift 1: vdbv
2. Shift 2: ucau
3. Shift 3: tbat
4. Shift 4: sazs
5. Shift 5: rzyr

None of these attempts yielded a recognizable English word. Let me try running the Caesar cipher through a different shift rotation.

1. Shift 6: qxbq
2. Shift 7: pwap
3. Shift 8: ovzo
4. Shift 9: nuyn
5. Shift 10: mtxm

Still no luck. I will continue testing with different shifts until finding the correct decryption for the ciphertext.",0,7,"1. wcew
2. cww
3. wewc
4. ewcw
5. cwe

Now I will try to decrypt the ciphertext using a Caesar cipher with different shifts:

1. Shift 1: vdbv
2. Shift 2: ucau
3. Shift 3: tbat
4. Shift 4: sazs
5. Shift 5: rzyr

None of these attempts yielded a recognizable English word. Let me try running the Caesar cipher through a different shift rotation.

1. Shift 6: qxbq
2. Shift 7: pwap
3. Shift 8: ovzo
4. ",1,0.0
wecw,says,4,4,"1. wcew
2. cww
3. wewc
4. ewcw
5. cwe

Now I will try to decrypt the ciphertext using a Caesar cipher with different shifts:

1. Shift 1: vdbv
2. Shift 2: ucau
3. Shift 3: tbat
4. Shift 4: sazs
5. Shift 5: rzyr

None of these attempts yielded a recognizable English word. Let me try running the Caesar cipher through a different shift rotation.

1. Shift 6: qxbq
2. Shift 7: pwap
3. Shift 8: ovzo
4. Shift 9: nuyn
5. Shift 10: mtxm

Still no luck. I will continue testing with different shifts until finding the correct decryption for the ciphertext.",0,8,"1. wcew
2. cww
3. wewc
4. ewcw
5. cwe

Now I will try to decrypt the ciphertext using a Caesar cipher with different shifts:

1. Shift 1: vdbv
2. Shift 2: ucau
3. Shift 3: tbat
4. Shift 4: sazs
5. Shift 5: rzyr

None of these attempts yielded a recognizable English word. Let me try running the Caesar cipher through a different shift rotation.

1. Shift 6: qxbq
2. Shift 7: pwap
3. Shift 8: ovzo
4. Shift 9: nuyn
5. Shift 10: mtxm

Still no luck. I ",1,0.0
wecw,says,4,4,"1. wcew
2. cww
3. wewc
4. ewcw
5. cwe

Now I will try to decrypt the ciphertext using a Caesar cipher with different shifts:

1. Shift 1: vdbv
2. Shift 2: ucau
3. Shift 3: tbat
4. Shift 4: sazs
5. Shift 5: rzyr

None of these attempts yielded a recognizable English word. Let me try running the Caesar cipher through a different shift rotation.

1. Shift 6: qxbq
2. Shift 7: pwap
3. Shift 8: ovzo
4. Shift 9: nuyn
5. Shift 10: mtxm

Still no luck. I will continue testing with different shifts until finding the correct decryption for the ciphertext.",0,9,"1. wcew
2. cww
3. wewc
4. ewcw
5. cwe

Now I will try to decrypt the ciphertext using a Caesar cipher with different shifts:

1. Shift 1: vdbv
2. Shift 2: ucau
3. Shift 3: tbat
4. Shift 4: sazs
5. Shift 5: rzyr

None of these attempts yielded a recognizable English word. Let me try running the Caesar cipher through a different shift rotation.

1. Shift 6: qxbq
2. Shift 7: pwap
3. Shift 8: ovzo
4. Shift 9: nuyn
5. Shift 10: mtxm

Still no luck. I will continue testing with different shifts until ",1,0.0
wecw,says,4,4,"1. wcew
2. cww
3. wewc
4. ewcw
5. cwe

Now I will try to decrypt the ciphertext using a Caesar cipher with different shifts:

1. Shift 1: vdbv
2. Shift 2: ucau
3. Shift 3: tbat
4. Shift 4: sazs
5. Shift 5: rzyr

None of these attempts yielded a recognizable English word. Let me try running the Caesar cipher through a different shift rotation.

1. Shift 6: qxbq
2. Shift 7: pwap
3. Shift 8: ovzo
4. Shift 9: nuyn
5. Shift 10: mtxm

Still no luck. I will continue testing with different shifts until finding the correct decryption for the ciphertext.",0,10,"1. wcew
2. cww
3. wewc
4. ewcw
5. cwe

Now I will try to decrypt the ciphertext using a Caesar cipher with different shifts:

1. Shift 1: vdbv
2. Shift 2: ucau
3. Shift 3: tbat
4. Shift 4: sazs
5. Shift 5: rzyr

None of these attempts yielded a recognizable English word. Let me try running the Caesar cipher through a different shift rotation.

1. Shift 6: qxbq
2. Shift 7: pwap
3. Shift 8: ovzo
4. Shift 9: nuyn
5. Shift 10: mtxm

Still no luck. I will continue testing with different shifts until finding the correct decryption for the ciphertext.",1,0.0
rfsd,many,4,5,"1. ""fdrs""
2. ""sfrd""
3. ""dsfr""
4. ""frsd""
5. ""sdrf""

Now, I will try to decrypt it using a Caesar cipher with different shift values:

1. Shift 1: ""qerc""
2. Shift 2: ""pdqb""
3. Shift 3: ""ocpa""
4. Shift 4: ""nbuz""
5. Shift 5: ""maty""

None of the attempts at unscrambling the anagram or decrypting with a Caesar cipher seem to result in a meaningful English word.",0,0,"1. ""fdrs""
2. ""sfrd""
3. ""dsfr""
4. ""frsd""
5. ""sdrf""
",0,1.0
rfsd,many,4,5,"1. ""fdrs""
2. ""sfrd""
3. ""dsfr""
4. ""frsd""
5. ""sdrf""

Now, I will try to decrypt it using a Caesar cipher with different shift values:

1. Shift 1: ""qerc""
2. Shift 2: ""pdqb""
3. Shift 3: ""ocpa""
4. Shift 4: ""nbuz""
5. Shift 5: ""maty""

None of the attempts at unscrambling the anagram or decrypting with a Caesar cipher seem to result in a meaningful English word.",0,1,"1. ""fdrs""
2. ""sfrd""
3. ""dsfr""
4. ""frsd""
5. ""sdrf""

Now, I will try to decrypt it using a Caesar ciph",1,1.0
rfsd,many,4,5,"1. ""fdrs""
2. ""sfrd""
3. ""dsfr""
4. ""frsd""
5. ""sdrf""

Now, I will try to decrypt it using a Caesar cipher with different shift values:

1. Shift 1: ""qerc""
2. Shift 2: ""pdqb""
3. Shift 3: ""ocpa""
4. Shift 4: ""nbuz""
5. Shift 5: ""maty""

None of the attempts at unscrambling the anagram or decrypting with a Caesar cipher seem to result in a meaningful English word.",0,2,"1. ""fdrs""
2. ""sfrd""
3. ""dsfr""
4. ""frsd""
5. ""sdrf""

Now, I will try to decrypt it using a Caesar cipher with different shift values:

1. Shift 1: ""qerc",1,1.0
rfsd,many,4,5,"1. ""fdrs""
2. ""sfrd""
3. ""dsfr""
4. ""frsd""
5. ""sdrf""

Now, I will try to decrypt it using a Caesar cipher with different shift values:

1. Shift 1: ""qerc""
2. Shift 2: ""pdqb""
3. Shift 3: ""ocpa""
4. Shift 4: ""nbuz""
5. Shift 5: ""maty""

None of the attempts at unscrambling the anagram or decrypting with a Caesar cipher seem to result in a meaningful English word.",0,3,"1. ""fdrs""
2. ""sfrd""
3. ""dsfr""
4. ""frsd""
5. ""sdrf""

Now, I will try to decrypt it using a Caesar cipher with different shift values:

1. Shift 1: ""qerc""
2. Shift 2: ""pdqb""
3. Shift 3: ""ocpa""
4. Shift 4",1,1.0
rfsd,many,4,5,"1. ""fdrs""
2. ""sfrd""
3. ""dsfr""
4. ""frsd""
5. ""sdrf""

Now, I will try to decrypt it using a Caesar cipher with different shift values:

1. Shift 1: ""qerc""
2. Shift 2: ""pdqb""
3. Shift 3: ""ocpa""
4. Shift 4: ""nbuz""
5. Shift 5: ""maty""

None of the attempts at unscrambling the anagram or decrypting with a Caesar cipher seem to result in a meaningful English word.",0,4,"1. ""fdrs""
2. ""sfrd""
3. ""dsfr""
4. ""frsd""
5. ""sdrf""

Now, I will try to decrypt it using a Caesar cipher with different shift values:

1. Shift 1: ""qerc""
2. Shift 2: ""pdqb""
3. Shift 3: ""ocpa""
4. Shift 4: ""nbuz""
5. Shift 5: ""maty""

None of the attempts ",1,1.0
rfsd,many,4,5,"1. ""fdrs""
2. ""sfrd""
3. ""dsfr""
4. ""frsd""
5. ""sdrf""

Now, I will try to decrypt it using a Caesar cipher with different shift values:

1. Shift 1: ""qerc""
2. Shift 2: ""pdqb""
3. Shift 3: ""ocpa""
4. Shift 4: ""nbuz""
5. Shift 5: ""maty""

None of the attempts at unscrambling the anagram or decrypting with a Caesar cipher seem to result in a meaningful English word.",0,5,"1. ""fdrs""
2. ""sfrd""
3. ""dsfr""
4. ""frsd""
5. ""sdrf""

Now, I will try to decrypt it using a Caesar cipher with different shift values:

1. Shift 1: ""qerc""
2. Shift 2: ""pdqb""
3. Shift 3: ""ocpa""
4. Shift 4: ""nbuz""
5. Shift 5: ""maty""

None of the attempts at unscrambling the anagram or decrypting with a C",1,1.0
rfsd,many,4,5,"1. ""fdrs""
2. ""sfrd""
3. ""dsfr""
4. ""frsd""
5. ""sdrf""

Now, I will try to decrypt it using a Caesar cipher with different shift values:

1. Shift 1: ""qerc""
2. Shift 2: ""pdqb""
3. Shift 3: ""ocpa""
4. Shift 4: ""nbuz""
5. Shift 5: ""maty""

None of the attempts at unscrambling the anagram or decrypting with a Caesar cipher seem to result in a meaningful English word.",0,6,"1. ""fdrs""
2. ""sfrd""
3. ""dsfr""
4. ""frsd""
5. ""sdrf""

Now, I will try to decrypt it using a Caesar cipher with different shift values:

1. Shift 1: ""qerc""
2. Shift 2: ""pdqb""
3. Shift 3: ""ocpa""
4. Shift 4: ""nbuz""
5. Shift 5: ""maty""

None of the attempts at unscrambling the anagram or decrypting with a Caesar cipher seem to result in a meaningful Englis",1,1.0
rfsd,many,4,5,"1. ""fdrs""
2. ""sfrd""
3. ""dsfr""
4. ""frsd""
5. ""sdrf""

Now, I will try to decrypt it using a Caesar cipher with different shift values:

1. Shift 1: ""qerc""
2. Shift 2: ""pdqb""
3. Shift 3: ""ocpa""
4. Shift 4: ""nbuz""
5. Shift 5: ""maty""

None of the attempts at unscrambling the anagram or decrypting with a Caesar cipher seem to result in a meaningful English word.",0,7,"1. ""fdrs""
2. ""sfrd""
3. ""dsfr""
4. ""frsd""
5. ""sdrf""

Now, I will try to decrypt it using a Caesar cipher with different shift values:

1. Shift 1: ""qerc""
2. Shift 2: ""pdqb""
3. Shift 3: ""ocpa""
4. Shift 4: ""nbuz""
5. Shift 5: ""maty""

None of the attempts at unscrambling the anagram or decrypting with a Caesar cipher seem to result in a meaningful English word.",1,1.0
hbnft,games,5,1,"1. thnfb
2. fnbht
3. bfnht
4. bnthf
5. nfhbt

Since unscrambling as an anagram did not reveal any English word, I will now try decrypting the ciphertext assuming it's a Caesar cipher and trying different shifts.

1. Shift 1:
GAMES

2. Shift 2:
FZLDR

3. Shift 3:
EYKQC

4. Shift 4:
DXJPB

5. Shift 5:
CWAOA

None of the shifts resulted in an English word, so the ciphertext could be more complex or encrypted with a different method.",0,0,"1. thnfb
2. fnbht
3. bfnht
4. bnthf
5. nfhbt

Sinc",0,1.0
hbnft,games,5,1,"1. thnfb
2. fnbht
3. bfnht
4. bnthf
5. nfhbt

Since unscrambling as an anagram did not reveal any English word, I will now try decrypting the ciphertext assuming it's a Caesar cipher and trying different shifts.

1. Shift 1:
GAMES

2. Shift 2:
FZLDR

3. Shift 3:
EYKQC

4. Shift 4:
DXJPB

5. Shift 5:
CWAOA

None of the shifts resulted in an English word, so the ciphertext could be more complex or encrypted with a different method.",0,1,"1. thnfb
2. fnbht
3. bfnht
4. bnthf
5. nfhbt

Since unscrambling as an anagram did not reveal any En",1,1.0
hbnft,games,5,1,"1. thnfb
2. fnbht
3. bfnht
4. bnthf
5. nfhbt

Since unscrambling as an anagram did not reveal any English word, I will now try decrypting the ciphertext assuming it's a Caesar cipher and trying different shifts.

1. Shift 1:
GAMES

2. Shift 2:
FZLDR

3. Shift 3:
EYKQC

4. Shift 4:
DXJPB

5. Shift 5:
CWAOA

None of the shifts resulted in an English word, so the ciphertext could be more complex or encrypted with a different method.",0,2,"1. thnfb
2. fnbht
3. bfnht
4. bnthf
5. nfhbt

Since unscrambling as an anagram did not reveal any English word, I will now try decrypting the cipherte",1,1.0
hbnft,games,5,1,"1. thnfb
2. fnbht
3. bfnht
4. bnthf
5. nfhbt

Since unscrambling as an anagram did not reveal any English word, I will now try decrypting the ciphertext assuming it's a Caesar cipher and trying different shifts.

1. Shift 1:
GAMES

2. Shift 2:
FZLDR

3. Shift 3:
EYKQC

4. Shift 4:
DXJPB

5. Shift 5:
CWAOA

None of the shifts resulted in an English word, so the ciphertext could be more complex or encrypted with a different method.",0,3,"1. thnfb
2. fnbht
3. bfnht
4. bnthf
5. nfhbt

Since unscrambling as an anagram did not reveal any English word, I will now try decrypting the ciphertext assuming it's a Caesar cipher and trying differ",1,1.0
hbnft,games,5,1,"1. thnfb
2. fnbht
3. bfnht
4. bnthf
5. nfhbt

Since unscrambling as an anagram did not reveal any English word, I will now try decrypting the ciphertext assuming it's a Caesar cipher and trying different shifts.

1. Shift 1:
GAMES

2. Shift 2:
FZLDR

3. Shift 3:
EYKQC

4. Shift 4:
DXJPB

5. Shift 5:
CWAOA

None of the shifts resulted in an English word, so the ciphertext could be more complex or encrypted with a different method.",0,4,"1. thnfb
2. fnbht
3. bfnht
4. bnthf
5. nfhbt

Since unscrambling as an anagram did not reveal any English word, I will now try decrypting the ciphertext assuming it's a Caesar cipher and trying different shifts.

1. Shift 1:
GAMES

2. Shift 2:
FZLDR
",1,1.0
hbnft,games,5,1,"1. thnfb
2. fnbht
3. bfnht
4. bnthf
5. nfhbt

Since unscrambling as an anagram did not reveal any English word, I will now try decrypting the ciphertext assuming it's a Caesar cipher and trying different shifts.

1. Shift 1:
GAMES

2. Shift 2:
FZLDR

3. Shift 3:
EYKQC

4. Shift 4:
DXJPB

5. Shift 5:
CWAOA

None of the shifts resulted in an English word, so the ciphertext could be more complex or encrypted with a different method.",0,5,"1. thnfb
2. fnbht
3. bfnht
4. bnthf
5. nfhbt

Since unscrambling as an anagram did not reveal any English word, I will now try decrypting the ciphertext assuming it's a Caesar cipher and trying different shifts.

1. Shift 1:
GAMES

2. Shift 2:
FZLDR

3. Shift 3:
EYKQC

4. Shift 4:
DXJPB

5. Shift 5:",1,1.0
hbnft,games,5,1,"1. thnfb
2. fnbht
3. bfnht
4. bnthf
5. nfhbt

Since unscrambling as an anagram did not reveal any English word, I will now try decrypting the ciphertext assuming it's a Caesar cipher and trying different shifts.

1. Shift 1:
GAMES

2. Shift 2:
FZLDR

3. Shift 3:
EYKQC

4. Shift 4:
DXJPB

5. Shift 5:
CWAOA

None of the shifts resulted in an English word, so the ciphertext could be more complex or encrypted with a different method.",0,6,"1. thnfb
2. fnbht
3. bfnht
4. bnthf
5. nfhbt

Since unscrambling as an anagram did not reveal any English word, I will now try decrypting the ciphertext assuming it's a Caesar cipher and trying different shifts.

1. Shift 1:
GAMES

2. Shift 2:
FZLDR

3. Shift 3:
EYKQC

4. Shift 4:
DXJPB

5. Shift 5:
CWAOA

None of the shifts resulted in an English ",1,1.0
hbnft,games,5,1,"1. thnfb
2. fnbht
3. bfnht
4. bnthf
5. nfhbt

Since unscrambling as an anagram did not reveal any English word, I will now try decrypting the ciphertext assuming it's a Caesar cipher and trying different shifts.

1. Shift 1:
GAMES

2. Shift 2:
FZLDR

3. Shift 3:
EYKQC

4. Shift 4:
DXJPB

5. Shift 5:
CWAOA

None of the shifts resulted in an English word, so the ciphertext could be more complex or encrypted with a different method.",0,7,"1. thnfb
2. fnbht
3. bfnht
4. bnthf
5. nfhbt

Since unscrambling as an anagram did not reveal any English word, I will now try decrypting the ciphertext assuming it's a Caesar cipher and trying different shifts.

1. Shift 1:
GAMES

2. Shift 2:
FZLDR

3. Shift 3:
EYKQC

4. Shift 4:
DXJPB

5. Shift 5:
CWAOA

None of the shifts resulted in an English word, so the ciphertext could be more complex or e",1,1.0
hbnft,games,5,1,"1. thnfb
2. fnbht
3. bfnht
4. bnthf
5. nfhbt

Since unscrambling as an anagram did not reveal any English word, I will now try decrypting the ciphertext assuming it's a Caesar cipher and trying different shifts.

1. Shift 1:
GAMES

2. Shift 2:
FZLDR

3. Shift 3:
EYKQC

4. Shift 4:
DXJPB

5. Shift 5:
CWAOA

None of the shifts resulted in an English word, so the ciphertext could be more complex or encrypted with a different method.",0,8,"1. thnfb
2. fnbht
3. bfnht
4. bnthf
5. nfhbt

Since unscrambling as an anagram did not reveal any English word, I will now try decrypting the ciphertext assuming it's a Caesar cipher and trying different shifts.

1. Shift 1:
GAMES

2. Shift 2:
FZLDR

3. Shift 3:
EYKQC

4. Shift 4:
DXJPB

5. Shift 5:
CWAOA

None of the shifts resulted in an English word, so the ciphertext could be more complex or encrypted with a different method.",1,1.0
yqwnf,would,5,2,"1. ""yqwnf"" → ""fwqyn""
2. ""yqwnf"" → ""fnqyw""
3. ""yqwnf"" → ""qwnfy""
4. ""yqwnf"" → ""nfqyw""
5. ""yqwnf"" → ""wnfyq""

Since unscrambling as an anagram didn't reveal any English words, I will try decrypting it assuming it's a Caesar cipher and trying at least 5 different shifts.

1. Shift 1: ""yqwnf"" → ""xpvme""
2. Shift 2: ""yqwnf"" → ""woulb""
3. Shift 3: ""yqwnf"" → ""vntka""
4. Shift 4: ""yqwnf"" → ""umsjz""
5. Shift 5: ""yqwnf"" → ""tlriy""

It seems that decrypting as a Caesar cipher also did not reveal any meaningful English word. The original word may not be a simple Caesar cipher or an anagram of a common English word.",0,0,"1. ""yqwnf"" → ""fwqyn""
2. ""yqwnf"" → ""fnqyw""
3. ""yqwn",0,3.0
yqwnf,would,5,2,"1. ""yqwnf"" → ""fwqyn""
2. ""yqwnf"" → ""fnqyw""
3. ""yqwnf"" → ""qwnfy""
4. ""yqwnf"" → ""nfqyw""
5. ""yqwnf"" → ""wnfyq""

Since unscrambling as an anagram didn't reveal any English words, I will try decrypting it assuming it's a Caesar cipher and trying at least 5 different shifts.

1. Shift 1: ""yqwnf"" → ""xpvme""
2. Shift 2: ""yqwnf"" → ""woulb""
3. Shift 3: ""yqwnf"" → ""vntka""
4. Shift 4: ""yqwnf"" → ""umsjz""
5. Shift 5: ""yqwnf"" → ""tlriy""

It seems that decrypting as a Caesar cipher also did not reveal any meaningful English word. The original word may not be a simple Caesar cipher or an anagram of a common English word.",0,1,"1. ""yqwnf"" → ""fwqyn""
2. ""yqwnf"" → ""fnqyw""
3. ""yqwnf"" → ""qwnfy""
4. ""yqwnf"" → ""nfqyw""
5. ""yqwnf"" → ""wn",0,3.0
yqwnf,would,5,2,"1. ""yqwnf"" → ""fwqyn""
2. ""yqwnf"" → ""fnqyw""
3. ""yqwnf"" → ""qwnfy""
4. ""yqwnf"" → ""nfqyw""
5. ""yqwnf"" → ""wnfyq""

Since unscrambling as an anagram didn't reveal any English words, I will try decrypting it assuming it's a Caesar cipher and trying at least 5 different shifts.

1. Shift 1: ""yqwnf"" → ""xpvme""
2. Shift 2: ""yqwnf"" → ""woulb""
3. Shift 3: ""yqwnf"" → ""vntka""
4. Shift 4: ""yqwnf"" → ""umsjz""
5. Shift 5: ""yqwnf"" → ""tlriy""

It seems that decrypting as a Caesar cipher also did not reveal any meaningful English word. The original word may not be a simple Caesar cipher or an anagram of a common English word.",0,2,"1. ""yqwnf"" → ""fwqyn""
2. ""yqwnf"" → ""fnqyw""
3. ""yqwnf"" → ""qwnfy""
4. ""yqwnf"" → ""nfqyw""
5. ""yqwnf"" → ""wnfyq""

Since unscrambling as an anagram didn't reve",0,3.0
yqwnf,would,5,2,"1. ""yqwnf"" → ""fwqyn""
2. ""yqwnf"" → ""fnqyw""
3. ""yqwnf"" → ""qwnfy""
4. ""yqwnf"" → ""nfqyw""
5. ""yqwnf"" → ""wnfyq""

Since unscrambling as an anagram didn't reveal any English words, I will try decrypting it assuming it's a Caesar cipher and trying at least 5 different shifts.

1. Shift 1: ""yqwnf"" → ""xpvme""
2. Shift 2: ""yqwnf"" → ""woulb""
3. Shift 3: ""yqwnf"" → ""vntka""
4. Shift 4: ""yqwnf"" → ""umsjz""
5. Shift 5: ""yqwnf"" → ""tlriy""

It seems that decrypting as a Caesar cipher also did not reveal any meaningful English word. The original word may not be a simple Caesar cipher or an anagram of a common English word.",0,3,"1. ""yqwnf"" → ""fwqyn""
2. ""yqwnf"" → ""fnqyw""
3. ""yqwnf"" → ""qwnfy""
4. ""yqwnf"" → ""nfqyw""
5. ""yqwnf"" → ""wnfyq""

Since unscrambling as an anagram didn't reveal any English words, I will try decrypting it ass",1,3.0
yqwnf,would,5,2,"1. ""yqwnf"" → ""fwqyn""
2. ""yqwnf"" → ""fnqyw""
3. ""yqwnf"" → ""qwnfy""
4. ""yqwnf"" → ""nfqyw""
5. ""yqwnf"" → ""wnfyq""

Since unscrambling as an anagram didn't reveal any English words, I will try decrypting it assuming it's a Caesar cipher and trying at least 5 different shifts.

1. Shift 1: ""yqwnf"" → ""xpvme""
2. Shift 2: ""yqwnf"" → ""woulb""
3. Shift 3: ""yqwnf"" → ""vntka""
4. Shift 4: ""yqwnf"" → ""umsjz""
5. Shift 5: ""yqwnf"" → ""tlriy""

It seems that decrypting as a Caesar cipher also did not reveal any meaningful English word. The original word may not be a simple Caesar cipher or an anagram of a common English word.",0,4,"1. ""yqwnf"" → ""fwqyn""
2. ""yqwnf"" → ""fnqyw""
3. ""yqwnf"" → ""qwnfy""
4. ""yqwnf"" → ""nfqyw""
5. ""yqwnf"" → ""wnfyq""

Since unscrambling as an anagram didn't reveal any English words, I will try decrypting it assuming it's a Caesar cipher and trying at least 5 d",1,3.0
yqwnf,would,5,2,"1. ""yqwnf"" → ""fwqyn""
2. ""yqwnf"" → ""fnqyw""
3. ""yqwnf"" → ""qwnfy""
4. ""yqwnf"" → ""nfqyw""
5. ""yqwnf"" → ""wnfyq""

Since unscrambling as an anagram didn't reveal any English words, I will try decrypting it assuming it's a Caesar cipher and trying at least 5 different shifts.

1. Shift 1: ""yqwnf"" → ""xpvme""
2. Shift 2: ""yqwnf"" → ""woulb""
3. Shift 3: ""yqwnf"" → ""vntka""
4. Shift 4: ""yqwnf"" → ""umsjz""
5. Shift 5: ""yqwnf"" → ""tlriy""

It seems that decrypting as a Caesar cipher also did not reveal any meaningful English word. The original word may not be a simple Caesar cipher or an anagram of a common English word.",0,5,"1. ""yqwnf"" → ""fwqyn""
2. ""yqwnf"" → ""fnqyw""
3. ""yqwnf"" → ""qwnfy""
4. ""yqwnf"" → ""nfqyw""
5. ""yqwnf"" → ""wnfyq""

Since unscrambling as an anagram didn't reveal any English words, I will try decrypting it assuming it's a Caesar cipher and trying at least 5 different shifts.

1. Shift 1: ""yqwnf"" → ""xpvme""
2.",1,3.0
yqwnf,would,5,2,"1. ""yqwnf"" → ""fwqyn""
2. ""yqwnf"" → ""fnqyw""
3. ""yqwnf"" → ""qwnfy""
4. ""yqwnf"" → ""nfqyw""
5. ""yqwnf"" → ""wnfyq""

Since unscrambling as an anagram didn't reveal any English words, I will try decrypting it assuming it's a Caesar cipher and trying at least 5 different shifts.

1. Shift 1: ""yqwnf"" → ""xpvme""
2. Shift 2: ""yqwnf"" → ""woulb""
3. Shift 3: ""yqwnf"" → ""vntka""
4. Shift 4: ""yqwnf"" → ""umsjz""
5. Shift 5: ""yqwnf"" → ""tlriy""

It seems that decrypting as a Caesar cipher also did not reveal any meaningful English word. The original word may not be a simple Caesar cipher or an anagram of a common English word.",0,6,"1. ""yqwnf"" → ""fwqyn""
2. ""yqwnf"" → ""fnqyw""
3. ""yqwnf"" → ""qwnfy""
4. ""yqwnf"" → ""nfqyw""
5. ""yqwnf"" → ""wnfyq""

Since unscrambling as an anagram didn't reveal any English words, I will try decrypting it assuming it's a Caesar cipher and trying at least 5 different shifts.

1. Shift 1: ""yqwnf"" → ""xpvme""
2. Shift 2: ""yqwnf"" → ""woulb""
3. Shift 3: ""yqwnf"" → ",1,3.0
yqwnf,would,5,2,"1. ""yqwnf"" → ""fwqyn""
2. ""yqwnf"" → ""fnqyw""
3. ""yqwnf"" → ""qwnfy""
4. ""yqwnf"" → ""nfqyw""
5. ""yqwnf"" → ""wnfyq""

Since unscrambling as an anagram didn't reveal any English words, I will try decrypting it assuming it's a Caesar cipher and trying at least 5 different shifts.

1. Shift 1: ""yqwnf"" → ""xpvme""
2. Shift 2: ""yqwnf"" → ""woulb""
3. Shift 3: ""yqwnf"" → ""vntka""
4. Shift 4: ""yqwnf"" → ""umsjz""
5. Shift 5: ""yqwnf"" → ""tlriy""

It seems that decrypting as a Caesar cipher also did not reveal any meaningful English word. The original word may not be a simple Caesar cipher or an anagram of a common English word.",0,7,"1. ""yqwnf"" → ""fwqyn""
2. ""yqwnf"" → ""fnqyw""
3. ""yqwnf"" → ""qwnfy""
4. ""yqwnf"" → ""nfqyw""
5. ""yqwnf"" → ""wnfyq""

Since unscrambling as an anagram didn't reveal any English words, I will try decrypting it assuming it's a Caesar cipher and trying at least 5 different shifts.

1. Shift 1: ""yqwnf"" → ""xpvme""
2. Shift 2: ""yqwnf"" → ""woulb""
3. Shift 3: ""yqwnf"" → ""vntka""
4. Shift 4: ""yqwnf"" → ""umsjz""
5. Shift 5: ",1,3.0
yqwnf,would,5,2,"1. ""yqwnf"" → ""fwqyn""
2. ""yqwnf"" → ""fnqyw""
3. ""yqwnf"" → ""qwnfy""
4. ""yqwnf"" → ""nfqyw""
5. ""yqwnf"" → ""wnfyq""

Since unscrambling as an anagram didn't reveal any English words, I will try decrypting it assuming it's a Caesar cipher and trying at least 5 different shifts.

1. Shift 1: ""yqwnf"" → ""xpvme""
2. Shift 2: ""yqwnf"" → ""woulb""
3. Shift 3: ""yqwnf"" → ""vntka""
4. Shift 4: ""yqwnf"" → ""umsjz""
5. Shift 5: ""yqwnf"" → ""tlriy""

It seems that decrypting as a Caesar cipher also did not reveal any meaningful English word. The original word may not be a simple Caesar cipher or an anagram of a common English word.",0,8,"1. ""yqwnf"" → ""fwqyn""
2. ""yqwnf"" → ""fnqyw""
3. ""yqwnf"" → ""qwnfy""
4. ""yqwnf"" → ""nfqyw""
5. ""yqwnf"" → ""wnfyq""

Since unscrambling as an anagram didn't reveal any English words, I will try decrypting it assuming it's a Caesar cipher and trying at least 5 different shifts.

1. Shift 1: ""yqwnf"" → ""xpvme""
2. Shift 2: ""yqwnf"" → ""woulb""
3. Shift 3: ""yqwnf"" → ""vntka""
4. Shift 4: ""yqwnf"" → ""umsjz""
5. Shift 5: ""yqwnf"" → ""tlriy""

It seems that decrypting as a C",1,3.0
yqwnf,would,5,2,"1. ""yqwnf"" → ""fwqyn""
2. ""yqwnf"" → ""fnqyw""
3. ""yqwnf"" → ""qwnfy""
4. ""yqwnf"" → ""nfqyw""
5. ""yqwnf"" → ""wnfyq""

Since unscrambling as an anagram didn't reveal any English words, I will try decrypting it assuming it's a Caesar cipher and trying at least 5 different shifts.

1. Shift 1: ""yqwnf"" → ""xpvme""
2. Shift 2: ""yqwnf"" → ""woulb""
3. Shift 3: ""yqwnf"" → ""vntka""
4. Shift 4: ""yqwnf"" → ""umsjz""
5. Shift 5: ""yqwnf"" → ""tlriy""

It seems that decrypting as a Caesar cipher also did not reveal any meaningful English word. The original word may not be a simple Caesar cipher or an anagram of a common English word.",0,9,"1. ""yqwnf"" → ""fwqyn""
2. ""yqwnf"" → ""fnqyw""
3. ""yqwnf"" → ""qwnfy""
4. ""yqwnf"" → ""nfqyw""
5. ""yqwnf"" → ""wnfyq""

Since unscrambling as an anagram didn't reveal any English words, I will try decrypting it assuming it's a Caesar cipher and trying at least 5 different shifts.

1. Shift 1: ""yqwnf"" → ""xpvme""
2. Shift 2: ""yqwnf"" → ""woulb""
3. Shift 3: ""yqwnf"" → ""vntka""
4. Shift 4: ""yqwnf"" → ""umsjz""
5. Shift 5: ""yqwnf"" → ""tlriy""

It seems that decrypting as a Caesar cipher also did not reveal any meaningful En",1,3.0
yqwnf,would,5,2,"1. ""yqwnf"" → ""fwqyn""
2. ""yqwnf"" → ""fnqyw""
3. ""yqwnf"" → ""qwnfy""
4. ""yqwnf"" → ""nfqyw""
5. ""yqwnf"" → ""wnfyq""

Since unscrambling as an anagram didn't reveal any English words, I will try decrypting it assuming it's a Caesar cipher and trying at least 5 different shifts.

1. Shift 1: ""yqwnf"" → ""xpvme""
2. Shift 2: ""yqwnf"" → ""woulb""
3. Shift 3: ""yqwnf"" → ""vntka""
4. Shift 4: ""yqwnf"" → ""umsjz""
5. Shift 5: ""yqwnf"" → ""tlriy""

It seems that decrypting as a Caesar cipher also did not reveal any meaningful English word. The original word may not be a simple Caesar cipher or an anagram of a common English word.",0,10,"1. ""yqwnf"" → ""fwqyn""
2. ""yqwnf"" → ""fnqyw""
3. ""yqwnf"" → ""qwnfy""
4. ""yqwnf"" → ""nfqyw""
5. ""yqwnf"" → ""wnfyq""

Since unscrambling as an anagram didn't reveal any English words, I will try decrypting it assuming it's a Caesar cipher and trying at least 5 different shifts.

1. Shift 1: ""yqwnf"" → ""xpvme""
2. Shift 2: ""yqwnf"" → ""woulb""
3. Shift 3: ""yqwnf"" → ""vntka""
4. Shift 4: ""yqwnf"" → ""umsjz""
5. Shift 5: ""yqwnf"" → ""tlriy""

It seems that decrypting as a Caesar cipher also did not reveal any meaningful English word. The original word may not be a simple ",1,3.0
yqwnf,would,5,2,"1. ""yqwnf"" → ""fwqyn""
2. ""yqwnf"" → ""fnqyw""
3. ""yqwnf"" → ""qwnfy""
4. ""yqwnf"" → ""nfqyw""
5. ""yqwnf"" → ""wnfyq""

Since unscrambling as an anagram didn't reveal any English words, I will try decrypting it assuming it's a Caesar cipher and trying at least 5 different shifts.

1. Shift 1: ""yqwnf"" → ""xpvme""
2. Shift 2: ""yqwnf"" → ""woulb""
3. Shift 3: ""yqwnf"" → ""vntka""
4. Shift 4: ""yqwnf"" → ""umsjz""
5. Shift 5: ""yqwnf"" → ""tlriy""

It seems that decrypting as a Caesar cipher also did not reveal any meaningful English word. The original word may not be a simple Caesar cipher or an anagram of a common English word.",0,11,"1. ""yqwnf"" → ""fwqyn""
2. ""yqwnf"" → ""fnqyw""
3. ""yqwnf"" → ""qwnfy""
4. ""yqwnf"" → ""nfqyw""
5. ""yqwnf"" → ""wnfyq""

Since unscrambling as an anagram didn't reveal any English words, I will try decrypting it assuming it's a Caesar cipher and trying at least 5 different shifts.

1. Shift 1: ""yqwnf"" → ""xpvme""
2. Shift 2: ""yqwnf"" → ""woulb""
3. Shift 3: ""yqwnf"" → ""vntka""
4. Shift 4: ""yqwnf"" → ""umsjz""
5. Shift 5: ""yqwnf"" → ""tlriy""

It seems that decrypting as a Caesar cipher also did not reveal any meaningful English word. The original word may not be a simple Caesar cipher or an anagram of a common English wo",1,3.0
yqwnf,would,5,2,"1. ""yqwnf"" → ""fwqyn""
2. ""yqwnf"" → ""fnqyw""
3. ""yqwnf"" → ""qwnfy""
4. ""yqwnf"" → ""nfqyw""
5. ""yqwnf"" → ""wnfyq""

Since unscrambling as an anagram didn't reveal any English words, I will try decrypting it assuming it's a Caesar cipher and trying at least 5 different shifts.

1. Shift 1: ""yqwnf"" → ""xpvme""
2. Shift 2: ""yqwnf"" → ""woulb""
3. Shift 3: ""yqwnf"" → ""vntka""
4. Shift 4: ""yqwnf"" → ""umsjz""
5. Shift 5: ""yqwnf"" → ""tlriy""

It seems that decrypting as a Caesar cipher also did not reveal any meaningful English word. The original word may not be a simple Caesar cipher or an anagram of a common English word.",0,12,"1. ""yqwnf"" → ""fwqyn""
2. ""yqwnf"" → ""fnqyw""
3. ""yqwnf"" → ""qwnfy""
4. ""yqwnf"" → ""nfqyw""
5. ""yqwnf"" → ""wnfyq""

Since unscrambling as an anagram didn't reveal any English words, I will try decrypting it assuming it's a Caesar cipher and trying at least 5 different shifts.

1. Shift 1: ""yqwnf"" → ""xpvme""
2. Shift 2: ""yqwnf"" → ""woulb""
3. Shift 3: ""yqwnf"" → ""vntka""
4. Shift 4: ""yqwnf"" → ""umsjz""
5. Shift 5: ""yqwnf"" → ""tlriy""

It seems that decrypting as a Caesar cipher also did not reveal any meaningful English word. The original word may not be a simple Caesar cipher or an anagram of a common English word.",1,3.0
fdxvh,cause,5,3,"1. fdxvh -> vhxdf
2. fdxvh -> hvfdx
3. fdxvh -> dxhfv
4. fdxvh -> fxdhv
5. fdxvh -> xfdvh

Now, I will try to decrypt the ciphertext using a Caesar cipher with different shifts:

Shift 1:
fdxvh -> geywi

Shift 2:
fdxvh -> hfzxj

Shift 3:
fdxvh -> igayk

Shift 4:
fdxvh -> jhbzl

Shift 5:
fdxvh -> kicam",0,0,"1. fdxvh -> vhxdf
2. fdxvh -> hvfdx
3. fdxvh -> dx",0,2.0
fdxvh,cause,5,3,"1. fdxvh -> vhxdf
2. fdxvh -> hvfdx
3. fdxvh -> dxhfv
4. fdxvh -> fxdhv
5. fdxvh -> xfdvh

Now, I will try to decrypt the ciphertext using a Caesar cipher with different shifts:

Shift 1:
fdxvh -> geywi

Shift 2:
fdxvh -> hfzxj

Shift 3:
fdxvh -> igayk

Shift 4:
fdxvh -> jhbzl

Shift 5:
fdxvh -> kicam",0,1,"1. fdxvh -> vhxdf
2. fdxvh -> hvfdx
3. fdxvh -> dxhfv
4. fdxvh -> fxdhv
5. fdxvh -> xfdvh

Now, I wi",0,2.0
fdxvh,cause,5,3,"1. fdxvh -> vhxdf
2. fdxvh -> hvfdx
3. fdxvh -> dxhfv
4. fdxvh -> fxdhv
5. fdxvh -> xfdvh

Now, I will try to decrypt the ciphertext using a Caesar cipher with different shifts:

Shift 1:
fdxvh -> geywi

Shift 2:
fdxvh -> hfzxj

Shift 3:
fdxvh -> igayk

Shift 4:
fdxvh -> jhbzl

Shift 5:
fdxvh -> kicam",0,2,"1. fdxvh -> vhxdf
2. fdxvh -> hvfdx
3. fdxvh -> dxhfv
4. fdxvh -> fxdhv
5. fdxvh -> xfdvh

Now, I will try to decrypt the ciphertext using a Caesar ci",1,2.0
fdxvh,cause,5,3,"1. fdxvh -> vhxdf
2. fdxvh -> hvfdx
3. fdxvh -> dxhfv
4. fdxvh -> fxdhv
5. fdxvh -> xfdvh

Now, I will try to decrypt the ciphertext using a Caesar cipher with different shifts:

Shift 1:
fdxvh -> geywi

Shift 2:
fdxvh -> hfzxj

Shift 3:
fdxvh -> igayk

Shift 4:
fdxvh -> jhbzl

Shift 5:
fdxvh -> kicam",0,3,"1. fdxvh -> vhxdf
2. fdxvh -> hvfdx
3. fdxvh -> dxhfv
4. fdxvh -> fxdhv
5. fdxvh -> xfdvh

Now, I will try to decrypt the ciphertext using a Caesar cipher with different shifts:

Shift 1:
fdxvh -> gey",1,2.0
fdxvh,cause,5,3,"1. fdxvh -> vhxdf
2. fdxvh -> hvfdx
3. fdxvh -> dxhfv
4. fdxvh -> fxdhv
5. fdxvh -> xfdvh

Now, I will try to decrypt the ciphertext using a Caesar cipher with different shifts:

Shift 1:
fdxvh -> geywi

Shift 2:
fdxvh -> hfzxj

Shift 3:
fdxvh -> igayk

Shift 4:
fdxvh -> jhbzl

Shift 5:
fdxvh -> kicam",0,4,"1. fdxvh -> vhxdf
2. fdxvh -> hvfdx
3. fdxvh -> dxhfv
4. fdxvh -> fxdhv
5. fdxvh -> xfdvh

Now, I will try to decrypt the ciphertext using a Caesar cipher with different shifts:

Shift 1:
fdxvh -> geywi

Shift 2:
fdxvh -> hfzxj

Shift 3:
fdxvh -> iga",1,2.0
fdxvh,cause,5,3,"1. fdxvh -> vhxdf
2. fdxvh -> hvfdx
3. fdxvh -> dxhfv
4. fdxvh -> fxdhv
5. fdxvh -> xfdvh

Now, I will try to decrypt the ciphertext using a Caesar cipher with different shifts:

Shift 1:
fdxvh -> geywi

Shift 2:
fdxvh -> hfzxj

Shift 3:
fdxvh -> igayk

Shift 4:
fdxvh -> jhbzl

Shift 5:
fdxvh -> kicam",0,5,"1. fdxvh -> vhxdf
2. fdxvh -> hvfdx
3. fdxvh -> dxhfv
4. fdxvh -> fxdhv
5. fdxvh -> xfdvh

Now, I will try to decrypt the ciphertext using a Caesar cipher with different shifts:

Shift 1:
fdxvh -> geywi

Shift 2:
fdxvh -> hfzxj

Shift 3:
fdxvh -> igayk

Shift 4:
fdxvh -> jhbzl

Shift 5:
fdxvh -> kic",1,2.0
fdxvh,cause,5,3,"1. fdxvh -> vhxdf
2. fdxvh -> hvfdx
3. fdxvh -> dxhfv
4. fdxvh -> fxdhv
5. fdxvh -> xfdvh

Now, I will try to decrypt the ciphertext using a Caesar cipher with different shifts:

Shift 1:
fdxvh -> geywi

Shift 2:
fdxvh -> hfzxj

Shift 3:
fdxvh -> igayk

Shift 4:
fdxvh -> jhbzl

Shift 5:
fdxvh -> kicam",0,6,"1. fdxvh -> vhxdf
2. fdxvh -> hvfdx
3. fdxvh -> dxhfv
4. fdxvh -> fxdhv
5. fdxvh -> xfdvh

Now, I will try to decrypt the ciphertext using a Caesar cipher with different shifts:

Shift 1:
fdxvh -> geywi

Shift 2:
fdxvh -> hfzxj

Shift 3:
fdxvh -> igayk

Shift 4:
fdxvh -> jhbzl

Shift 5:
fdxvh -> kicam",1,2.0
asyph,would,5,4,"1. pashy
2. syaph
3. pysah
4. ayshp
5. hasyp

Since unscrambling didn't yield any meaningful word, I will now try to decrypt the ciphertext using a Caesar cipher with different shifts.

1. Shift 1: brziq
2. Shift 2: csajr
3. Shift 3: dtbks
4. Shift 4: euclt
5. Shift 5: fvdmu

After trying different Caesar cipher shifts, I was unable to decrypt the ciphertext into a meaningful English word.",0,0,"1. pashy
2. syaph
3. pysah
4. ayshp
5. hasyp

Sinc",0,1.0
asyph,would,5,4,"1. pashy
2. syaph
3. pysah
4. ayshp
5. hasyp

Since unscrambling didn't yield any meaningful word, I will now try to decrypt the ciphertext using a Caesar cipher with different shifts.

1. Shift 1: brziq
2. Shift 2: csajr
3. Shift 3: dtbks
4. Shift 4: euclt
5. Shift 5: fvdmu

After trying different Caesar cipher shifts, I was unable to decrypt the ciphertext into a meaningful English word.",0,1,"1. pashy
2. syaph
3. pysah
4. ayshp
5. hasyp

Since unscrambling didn't yield any meaningful word, I",1,1.0
asyph,would,5,4,"1. pashy
2. syaph
3. pysah
4. ayshp
5. hasyp

Since unscrambling didn't yield any meaningful word, I will now try to decrypt the ciphertext using a Caesar cipher with different shifts.

1. Shift 1: brziq
2. Shift 2: csajr
3. Shift 3: dtbks
4. Shift 4: euclt
5. Shift 5: fvdmu

After trying different Caesar cipher shifts, I was unable to decrypt the ciphertext into a meaningful English word.",0,2,"1. pashy
2. syaph
3. pysah
4. ayshp
5. hasyp

Since unscrambling didn't yield any meaningful word, I will now try to decrypt the ciphertext using a Ca",1,1.0
asyph,would,5,4,"1. pashy
2. syaph
3. pysah
4. ayshp
5. hasyp

Since unscrambling didn't yield any meaningful word, I will now try to decrypt the ciphertext using a Caesar cipher with different shifts.

1. Shift 1: brziq
2. Shift 2: csajr
3. Shift 3: dtbks
4. Shift 4: euclt
5. Shift 5: fvdmu

After trying different Caesar cipher shifts, I was unable to decrypt the ciphertext into a meaningful English word.",0,3,"1. pashy
2. syaph
3. pysah
4. ayshp
5. hasyp

Since unscrambling didn't yield any meaningful word, I will now try to decrypt the ciphertext using a Caesar cipher with different shifts.

1. Shift 1: br",1,1.0
asyph,would,5,4,"1. pashy
2. syaph
3. pysah
4. ayshp
5. hasyp

Since unscrambling didn't yield any meaningful word, I will now try to decrypt the ciphertext using a Caesar cipher with different shifts.

1. Shift 1: brziq
2. Shift 2: csajr
3. Shift 3: dtbks
4. Shift 4: euclt
5. Shift 5: fvdmu

After trying different Caesar cipher shifts, I was unable to decrypt the ciphertext into a meaningful English word.",0,4,"1. pashy
2. syaph
3. pysah
4. ayshp
5. hasyp

Since unscrambling didn't yield any meaningful word, I will now try to decrypt the ciphertext using a Caesar cipher with different shifts.

1. Shift 1: brziq
2. Shift 2: csajr
3. Shift 3: dtbks
4. Shift 4",1,1.0
asyph,would,5,4,"1. pashy
2. syaph
3. pysah
4. ayshp
5. hasyp

Since unscrambling didn't yield any meaningful word, I will now try to decrypt the ciphertext using a Caesar cipher with different shifts.

1. Shift 1: brziq
2. Shift 2: csajr
3. Shift 3: dtbks
4. Shift 4: euclt
5. Shift 5: fvdmu

After trying different Caesar cipher shifts, I was unable to decrypt the ciphertext into a meaningful English word.",0,5,"1. pashy
2. syaph
3. pysah
4. ayshp
5. hasyp

Since unscrambling didn't yield any meaningful word, I will now try to decrypt the ciphertext using a Caesar cipher with different shifts.

1. Shift 1: brziq
2. Shift 2: csajr
3. Shift 3: dtbks
4. Shift 4: euclt
5. Shift 5: fvdmu

After trying different ",1,1.0
asyph,would,5,4,"1. pashy
2. syaph
3. pysah
4. ayshp
5. hasyp

Since unscrambling didn't yield any meaningful word, I will now try to decrypt the ciphertext using a Caesar cipher with different shifts.

1. Shift 1: brziq
2. Shift 2: csajr
3. Shift 3: dtbks
4. Shift 4: euclt
5. Shift 5: fvdmu

After trying different Caesar cipher shifts, I was unable to decrypt the ciphertext into a meaningful English word.",0,6,"1. pashy
2. syaph
3. pysah
4. ayshp
5. hasyp

Since unscrambling didn't yield any meaningful word, I will now try to decrypt the ciphertext using a Caesar cipher with different shifts.

1. Shift 1: brziq
2. Shift 2: csajr
3. Shift 3: dtbks
4. Shift 4: euclt
5. Shift 5: fvdmu

After trying different Caesar cipher shifts, I was unable to decrypt the ",1,1.0
asyph,would,5,4,"1. pashy
2. syaph
3. pysah
4. ayshp
5. hasyp

Since unscrambling didn't yield any meaningful word, I will now try to decrypt the ciphertext using a Caesar cipher with different shifts.

1. Shift 1: brziq
2. Shift 2: csajr
3. Shift 3: dtbks
4. Shift 4: euclt
5. Shift 5: fvdmu

After trying different Caesar cipher shifts, I was unable to decrypt the ciphertext into a meaningful English word.",0,7,"1. pashy
2. syaph
3. pysah
4. ayshp
5. hasyp

Since unscrambling didn't yield any meaningful word, I will now try to decrypt the ciphertext using a Caesar cipher with different shifts.

1. Shift 1: brziq
2. Shift 2: csajr
3. Shift 3: dtbks
4. Shift 4: euclt
5. Shift 5: fvdmu

After trying different Caesar cipher shifts, I was unable to decrypt the ciphertext into a meaningful English word.",1,1.0
lwjfy,great,5,5,"1. wjfly
2. wjyfl
3. fjylw
4. jfylw
5. wlfjy

Since unscrambling as an anagram did not yield a valid English word, I will now try decrypting it using a Caesar cipher with different shifts.

Shift 1:
lwjfy -> mkkgz

Shift 2:
lwjfy -> nljah

Shift 3:
lwjfy -> ombki

Shift 4:
lwjfy -> pnclj

Shift 5:
lwjfy -> qodmk

None of the attempts to decrypt using a Caesar cipher produced a valid English word.",0,0,"1. wjfly
2. wjyfl
3. fjylw
4. jfylw
5. wlfjy

Sinc",0,1.0
lwjfy,great,5,5,"1. wjfly
2. wjyfl
3. fjylw
4. jfylw
5. wlfjy

Since unscrambling as an anagram did not yield a valid English word, I will now try decrypting it using a Caesar cipher with different shifts.

Shift 1:
lwjfy -> mkkgz

Shift 2:
lwjfy -> nljah

Shift 3:
lwjfy -> ombki

Shift 4:
lwjfy -> pnclj

Shift 5:
lwjfy -> qodmk

None of the attempts to decrypt using a Caesar cipher produced a valid English word.",0,1,"1. wjfly
2. wjyfl
3. fjylw
4. jfylw
5. wlfjy

Since unscrambling as an anagram did not yield a valid",1,1.0
lwjfy,great,5,5,"1. wjfly
2. wjyfl
3. fjylw
4. jfylw
5. wlfjy

Since unscrambling as an anagram did not yield a valid English word, I will now try decrypting it using a Caesar cipher with different shifts.

Shift 1:
lwjfy -> mkkgz

Shift 2:
lwjfy -> nljah

Shift 3:
lwjfy -> ombki

Shift 4:
lwjfy -> pnclj

Shift 5:
lwjfy -> qodmk

None of the attempts to decrypt using a Caesar cipher produced a valid English word.",0,2,"1. wjfly
2. wjyfl
3. fjylw
4. jfylw
5. wlfjy

Since unscrambling as an anagram did not yield a valid English word, I will now try decrypting it using ",1,1.0
lwjfy,great,5,5,"1. wjfly
2. wjyfl
3. fjylw
4. jfylw
5. wlfjy

Since unscrambling as an anagram did not yield a valid English word, I will now try decrypting it using a Caesar cipher with different shifts.

Shift 1:
lwjfy -> mkkgz

Shift 2:
lwjfy -> nljah

Shift 3:
lwjfy -> ombki

Shift 4:
lwjfy -> pnclj

Shift 5:
lwjfy -> qodmk

None of the attempts to decrypt using a Caesar cipher produced a valid English word.",0,3,"1. wjfly
2. wjyfl
3. fjylw
4. jfylw
5. wlfjy

Since unscrambling as an anagram did not yield a valid English word, I will now try decrypting it using a Caesar cipher with different shifts.

Shift 1:
l",1,1.0
lwjfy,great,5,5,"1. wjfly
2. wjyfl
3. fjylw
4. jfylw
5. wlfjy

Since unscrambling as an anagram did not yield a valid English word, I will now try decrypting it using a Caesar cipher with different shifts.

Shift 1:
lwjfy -> mkkgz

Shift 2:
lwjfy -> nljah

Shift 3:
lwjfy -> ombki

Shift 4:
lwjfy -> pnclj

Shift 5:
lwjfy -> qodmk

None of the attempts to decrypt using a Caesar cipher produced a valid English word.",0,4,"1. wjfly
2. wjyfl
3. fjylw
4. jfylw
5. wlfjy

Since unscrambling as an anagram did not yield a valid English word, I will now try decrypting it using a Caesar cipher with different shifts.

Shift 1:
lwjfy -> mkkgz

Shift 2:
lwjfy -> nljah

Shift 3:
l",1,1.0
lwjfy,great,5,5,"1. wjfly
2. wjyfl
3. fjylw
4. jfylw
5. wlfjy

Since unscrambling as an anagram did not yield a valid English word, I will now try decrypting it using a Caesar cipher with different shifts.

Shift 1:
lwjfy -> mkkgz

Shift 2:
lwjfy -> nljah

Shift 3:
lwjfy -> ombki

Shift 4:
lwjfy -> pnclj

Shift 5:
lwjfy -> qodmk

None of the attempts to decrypt using a Caesar cipher produced a valid English word.",0,5,"1. wjfly
2. wjyfl
3. fjylw
4. jfylw
5. wlfjy

Since unscrambling as an anagram did not yield a valid English word, I will now try decrypting it using a Caesar cipher with different shifts.

Shift 1:
lwjfy -> mkkgz

Shift 2:
lwjfy -> nljah

Shift 3:
lwjfy -> ombki

Shift 4:
lwjfy -> pnclj

Shift 5:
l",1,1.0
lwjfy,great,5,5,"1. wjfly
2. wjyfl
3. fjylw
4. jfylw
5. wlfjy

Since unscrambling as an anagram did not yield a valid English word, I will now try decrypting it using a Caesar cipher with different shifts.

Shift 1:
lwjfy -> mkkgz

Shift 2:
lwjfy -> nljah

Shift 3:
lwjfy -> ombki

Shift 4:
lwjfy -> pnclj

Shift 5:
lwjfy -> qodmk

None of the attempts to decrypt using a Caesar cipher produced a valid English word.",0,6,"1. wjfly
2. wjyfl
3. fjylw
4. jfylw
5. wlfjy

Since unscrambling as an anagram did not yield a valid English word, I will now try decrypting it using a Caesar cipher with different shifts.

Shift 1:
lwjfy -> mkkgz

Shift 2:
lwjfy -> nljah

Shift 3:
lwjfy -> ombki

Shift 4:
lwjfy -> pnclj

Shift 5:
lwjfy -> qodmk

None of the attempts to decrypt usi",1,1.0
lwjfy,great,5,5,"1. wjfly
2. wjyfl
3. fjylw
4. jfylw
5. wlfjy

Since unscrambling as an anagram did not yield a valid English word, I will now try decrypting it using a Caesar cipher with different shifts.

Shift 1:
lwjfy -> mkkgz

Shift 2:
lwjfy -> nljah

Shift 3:
lwjfy -> ombki

Shift 4:
lwjfy -> pnclj

Shift 5:
lwjfy -> qodmk

None of the attempts to decrypt using a Caesar cipher produced a valid English word.",0,7,"1. wjfly
2. wjyfl
3. fjylw
4. jfylw
5. wlfjy

Since unscrambling as an anagram did not yield a valid English word, I will now try decrypting it using a Caesar cipher with different shifts.

Shift 1:
lwjfy -> mkkgz

Shift 2:
lwjfy -> nljah

Shift 3:
lwjfy -> ombki

Shift 4:
lwjfy -> pnclj

Shift 5:
lwjfy -> qodmk

None of the attempts to decrypt using a Caesar cipher produced a valid English word.",1,1.0
tztufn,system,6,1,"1. funtz
2. fuzztn
3. nutfz
4. tuzfn
5. fntuz

Now, I will try decrypting the ciphertext using a Caesar cipher with different shift values:

1. Shift 1: sysetm
2. Shift 2: rxdslm
3. Shift 3: qwcrkl
4. Shift 4: pvbqjk
5. Shift 5: ouapij

None of these attempts seem to produce an English word. Let me try decrypting again using a bigger shift value.",0,0,"1. funtz
2. fuzztn
3. nutfz
4. tuzfn
5. fntuz

Now",1,0.0
tztufn,system,6,1,"1. funtz
2. fuzztn
3. nutfz
4. tuzfn
5. fntuz

Now, I will try decrypting the ciphertext using a Caesar cipher with different shift values:

1. Shift 1: sysetm
2. Shift 2: rxdslm
3. Shift 3: qwcrkl
4. Shift 4: pvbqjk
5. Shift 5: ouapij

None of these attempts seem to produce an English word. Let me try decrypting again using a bigger shift value.",0,1,"1. funtz
2. fuzztn
3. nutfz
4. tuzfn
5. fntuz

Now, I will try decrypting the ciphertext using a Cae",1,0.0
tztufn,system,6,1,"1. funtz
2. fuzztn
3. nutfz
4. tuzfn
5. fntuz

Now, I will try decrypting the ciphertext using a Caesar cipher with different shift values:

1. Shift 1: sysetm
2. Shift 2: rxdslm
3. Shift 3: qwcrkl
4. Shift 4: pvbqjk
5. Shift 5: ouapij

None of these attempts seem to produce an English word. Let me try decrypting again using a bigger shift value.",0,2,"1. funtz
2. fuzztn
3. nutfz
4. tuzfn
5. fntuz

Now, I will try decrypting the ciphertext using a Caesar cipher with different shift values:

1. Shift ",1,0.0
tztufn,system,6,1,"1. funtz
2. fuzztn
3. nutfz
4. tuzfn
5. fntuz

Now, I will try decrypting the ciphertext using a Caesar cipher with different shift values:

1. Shift 1: sysetm
2. Shift 2: rxdslm
3. Shift 3: qwcrkl
4. Shift 4: pvbqjk
5. Shift 5: ouapij

None of these attempts seem to produce an English word. Let me try decrypting again using a bigger shift value.",0,3,"1. funtz
2. fuzztn
3. nutfz
4. tuzfn
5. fntuz

Now, I will try decrypting the ciphertext using a Caesar cipher with different shift values:

1. Shift 1: sysetm
2. Shift 2: rxdslm
3. Shift 3: qwcrkl
4.",1,0.0
tztufn,system,6,1,"1. funtz
2. fuzztn
3. nutfz
4. tuzfn
5. fntuz

Now, I will try decrypting the ciphertext using a Caesar cipher with different shift values:

1. Shift 1: sysetm
2. Shift 2: rxdslm
3. Shift 3: qwcrkl
4. Shift 4: pvbqjk
5. Shift 5: ouapij

None of these attempts seem to produce an English word. Let me try decrypting again using a bigger shift value.",0,4,"1. funtz
2. fuzztn
3. nutfz
4. tuzfn
5. fntuz

Now, I will try decrypting the ciphertext using a Caesar cipher with different shift values:

1. Shift 1: sysetm
2. Shift 2: rxdslm
3. Shift 3: qwcrkl
4. Shift 4: pvbqjk
5. Shift 5: ouapij

None of these",1,0.0
tztufn,system,6,1,"1. funtz
2. fuzztn
3. nutfz
4. tuzfn
5. fntuz

Now, I will try decrypting the ciphertext using a Caesar cipher with different shift values:

1. Shift 1: sysetm
2. Shift 2: rxdslm
3. Shift 3: qwcrkl
4. Shift 4: pvbqjk
5. Shift 5: ouapij

None of these attempts seem to produce an English word. Let me try decrypting again using a bigger shift value.",0,5,"1. funtz
2. fuzztn
3. nutfz
4. tuzfn
5. fntuz

Now, I will try decrypting the ciphertext using a Caesar cipher with different shift values:

1. Shift 1: sysetm
2. Shift 2: rxdslm
3. Shift 3: qwcrkl
4. Shift 4: pvbqjk
5. Shift 5: ouapij

None of these attempts seem to produce an English word. Let me ",1,0.0
tztufn,system,6,1,"1. funtz
2. fuzztn
3. nutfz
4. tuzfn
5. fntuz

Now, I will try decrypting the ciphertext using a Caesar cipher with different shift values:

1. Shift 1: sysetm
2. Shift 2: rxdslm
3. Shift 3: qwcrkl
4. Shift 4: pvbqjk
5. Shift 5: ouapij

None of these attempts seem to produce an English word. Let me try decrypting again using a bigger shift value.",0,6,"1. funtz
2. fuzztn
3. nutfz
4. tuzfn
5. fntuz

Now, I will try decrypting the ciphertext using a Caesar cipher with different shift values:

1. Shift 1: sysetm
2. Shift 2: rxdslm
3. Shift 3: qwcrkl
4. Shift 4: pvbqjk
5. Shift 5: ouapij

None of these attempts seem to produce an English word. Let me try decrypting again using a bigger shift value.",1,0.0
rtkegu,prices,6,2,"1. gutter  
2. rekt 
3. urget   
4. turke   
5. grute  

Since unscrambling as an anagram didn't produce a clear English word, I will now try to decrypt it assuming it's a Caesar cipher and showing at least 5 different shifts.

1. Shift 1: qsjdft  
2. Shift 2: prices  
3. Shift 3: qohdrf  
4. Shift 4: pngcqe  
5. Shift 5: omfbpd",1,0,"1. gutter  
2. rekt 
3. urget   
4. turke   
5. gr",0,1.0
rtkegu,prices,6,2,"1. gutter  
2. rekt 
3. urget   
4. turke   
5. grute  

Since unscrambling as an anagram didn't produce a clear English word, I will now try to decrypt it assuming it's a Caesar cipher and showing at least 5 different shifts.

1. Shift 1: qsjdft  
2. Shift 2: prices  
3. Shift 3: qohdrf  
4. Shift 4: pngcqe  
5. Shift 5: omfbpd",1,1,"1. gutter  
2. rekt 
3. urget   
4. turke   
5. grute  

Since unscrambling as an anagram didn't pro",1,1.0
rtkegu,prices,6,2,"1. gutter  
2. rekt 
3. urget   
4. turke   
5. grute  

Since unscrambling as an anagram didn't produce a clear English word, I will now try to decrypt it assuming it's a Caesar cipher and showing at least 5 different shifts.

1. Shift 1: qsjdft  
2. Shift 2: prices  
3. Shift 3: qohdrf  
4. Shift 4: pngcqe  
5. Shift 5: omfbpd",1,2,"1. gutter  
2. rekt 
3. urget   
4. turke   
5. grute  

Since unscrambling as an anagram didn't produce a clear English word, I will now try to decry",1,1.0
rtkegu,prices,6,2,"1. gutter  
2. rekt 
3. urget   
4. turke   
5. grute  

Since unscrambling as an anagram didn't produce a clear English word, I will now try to decrypt it assuming it's a Caesar cipher and showing at least 5 different shifts.

1. Shift 1: qsjdft  
2. Shift 2: prices  
3. Shift 3: qohdrf  
4. Shift 4: pngcqe  
5. Shift 5: omfbpd",1,3,"1. gutter  
2. rekt 
3. urget   
4. turke   
5. grute  

Since unscrambling as an anagram didn't produce a clear English word, I will now try to decrypt it assuming it's a Caesar cipher and showing at",1,1.0
rtkegu,prices,6,2,"1. gutter  
2. rekt 
3. urget   
4. turke   
5. grute  

Since unscrambling as an anagram didn't produce a clear English word, I will now try to decrypt it assuming it's a Caesar cipher and showing at least 5 different shifts.

1. Shift 1: qsjdft  
2. Shift 2: prices  
3. Shift 3: qohdrf  
4. Shift 4: pngcqe  
5. Shift 5: omfbpd",1,4,"1. gutter  
2. rekt 
3. urget   
4. turke   
5. grute  

Since unscrambling as an anagram didn't produce a clear English word, I will now try to decrypt it assuming it's a Caesar cipher and showing at least 5 different shifts.

1. Shift 1: qsjdft  
2",1,1.0
rtkegu,prices,6,2,"1. gutter  
2. rekt 
3. urget   
4. turke   
5. grute  

Since unscrambling as an anagram didn't produce a clear English word, I will now try to decrypt it assuming it's a Caesar cipher and showing at least 5 different shifts.

1. Shift 1: qsjdft  
2. Shift 2: prices  
3. Shift 3: qohdrf  
4. Shift 4: pngcqe  
5. Shift 5: omfbpd",1,5,"1. gutter  
2. rekt 
3. urget   
4. turke   
5. grute  

Since unscrambling as an anagram didn't produce a clear English word, I will now try to decrypt it assuming it's a Caesar cipher and showing at least 5 different shifts.

1. Shift 1: qsjdft  
2. Shift 2: prices  
3. Shift 3: qohdrf  
4. Shift ",1,1.0
rtkegu,prices,6,2,"1. gutter  
2. rekt 
3. urget   
4. turke   
5. grute  

Since unscrambling as an anagram didn't produce a clear English word, I will now try to decrypt it assuming it's a Caesar cipher and showing at least 5 different shifts.

1. Shift 1: qsjdft  
2. Shift 2: prices  
3. Shift 3: qohdrf  
4. Shift 4: pngcqe  
5. Shift 5: omfbpd",1,6,"1. gutter  
2. rekt 
3. urget   
4. turke   
5. grute  

Since unscrambling as an anagram didn't produce a clear English word, I will now try to decrypt it assuming it's a Caesar cipher and showing at least 5 different shifts.

1. Shift 1: qsjdft  
2. Shift 2: prices  
3. Shift 3: qohdrf  
4. Shift 4: pngcqe  
5. Shift 5: omfbpd",1,1.0
dedfxv,abacus,6,3,"1. fedxdv
2. vexfdd
3. fedvdx
4. devxdf
5. veddfx

Now, I will try decrypting the ciphertext using a Caesar cipher with different shifts:
1. Shift 1: cdecwu
2. Shift 2: bcbdtv
3. Shift 3: abacsu
4. Shift 4: zxzbrt
5. Shift 5: ywyaqs

Based on the attempts, none of the possible solutions form an English word.",0,0,"1. fedxdv
2. vexfdd
3. fedvdx
4. devxdf
5. veddfx
",0,1.0
dedfxv,abacus,6,3,"1. fedxdv
2. vexfdd
3. fedvdx
4. devxdf
5. veddfx

Now, I will try decrypting the ciphertext using a Caesar cipher with different shifts:
1. Shift 1: cdecwu
2. Shift 2: bcbdtv
3. Shift 3: abacsu
4. Shift 4: zxzbrt
5. Shift 5: ywyaqs

Based on the attempts, none of the possible solutions form an English word.",0,1,"1. fedxdv
2. vexfdd
3. fedvdx
4. devxdf
5. veddfx

Now, I will try decrypting the ciphertext using a",1,1.0
dedfxv,abacus,6,3,"1. fedxdv
2. vexfdd
3. fedvdx
4. devxdf
5. veddfx

Now, I will try decrypting the ciphertext using a Caesar cipher with different shifts:
1. Shift 1: cdecwu
2. Shift 2: bcbdtv
3. Shift 3: abacsu
4. Shift 4: zxzbrt
5. Shift 5: ywyaqs

Based on the attempts, none of the possible solutions form an English word.",0,2,"1. fedxdv
2. vexfdd
3. fedvdx
4. devxdf
5. veddfx

Now, I will try decrypting the ciphertext using a Caesar cipher with different shifts:
1. Shift 1: ",1,1.0
dedfxv,abacus,6,3,"1. fedxdv
2. vexfdd
3. fedvdx
4. devxdf
5. veddfx

Now, I will try decrypting the ciphertext using a Caesar cipher with different shifts:
1. Shift 1: cdecwu
2. Shift 2: bcbdtv
3. Shift 3: abacsu
4. Shift 4: zxzbrt
5. Shift 5: ywyaqs

Based on the attempts, none of the possible solutions form an English word.",0,3,"1. fedxdv
2. vexfdd
3. fedvdx
4. devxdf
5. veddfx

Now, I will try decrypting the ciphertext using a Caesar cipher with different shifts:
1. Shift 1: cdecwu
2. Shift 2: bcbdtv
3. Shift 3: abacsu
4. Sh",1,1.0
dedfxv,abacus,6,3,"1. fedxdv
2. vexfdd
3. fedvdx
4. devxdf
5. veddfx

Now, I will try decrypting the ciphertext using a Caesar cipher with different shifts:
1. Shift 1: cdecwu
2. Shift 2: bcbdtv
3. Shift 3: abacsu
4. Shift 4: zxzbrt
5. Shift 5: ywyaqs

Based on the attempts, none of the possible solutions form an English word.",0,4,"1. fedxdv
2. vexfdd
3. fedvdx
4. devxdf
5. veddfx

Now, I will try decrypting the ciphertext using a Caesar cipher with different shifts:
1. Shift 1: cdecwu
2. Shift 2: bcbdtv
3. Shift 3: abacsu
4. Shift 4: zxzbrt
5. Shift 5: ywyaqs

Based on the att",1,1.0
dedfxv,abacus,6,3,"1. fedxdv
2. vexfdd
3. fedvdx
4. devxdf
5. veddfx

Now, I will try decrypting the ciphertext using a Caesar cipher with different shifts:
1. Shift 1: cdecwu
2. Shift 2: bcbdtv
3. Shift 3: abacsu
4. Shift 4: zxzbrt
5. Shift 5: ywyaqs

Based on the attempts, none of the possible solutions form an English word.",0,5,"1. fedxdv
2. vexfdd
3. fedvdx
4. devxdf
5. veddfx

Now, I will try decrypting the ciphertext using a Caesar cipher with different shifts:
1. Shift 1: cdecwu
2. Shift 2: bcbdtv
3. Shift 3: abacsu
4. Shift 4: zxzbrt
5. Shift 5: ywyaqs

Based on the attempts, none of the possible solutions form an Engl",1,1.0
dedfxv,abacus,6,3,"1. fedxdv
2. vexfdd
3. fedvdx
4. devxdf
5. veddfx

Now, I will try decrypting the ciphertext using a Caesar cipher with different shifts:
1. Shift 1: cdecwu
2. Shift 2: bcbdtv
3. Shift 3: abacsu
4. Shift 4: zxzbrt
5. Shift 5: ywyaqs

Based on the attempts, none of the possible solutions form an English word.",0,6,"1. fedxdv
2. vexfdd
3. fedvdx
4. devxdf
5. veddfx

Now, I will try decrypting the ciphertext using a Caesar cipher with different shifts:
1. Shift 1: cdecwu
2. Shift 2: bcbdtv
3. Shift 3: abacsu
4. Shift 4: zxzbrt
5. Shift 5: ywyaqs

Based on the attempts, none of the possible solutions form an English word.",1,1.0
vypmrk,ruling,6,4,"1. prykvm
2. kryvpm
3. myvrkp
4. mrypkv
5. vykpmr",0,0,"1. prykvm
2. kryvpm
3. myvrkp
4. mrypkv
5. vykpmr",0,
gjdtsi,beyond,6,5,"1. jtdgis
2. jtsgid
3. sgjdit
4. idgtjs
5. tgisjd

Now, I will try to decrypt the ciphertext using a Caesar cipher with different shifts.

1. Shift 1: fiestr
2. Shift 2: ehdrsQ
3. Shift 3: dgcrp
4. Shift 4: cfboq
5. Shift 5: beanp

Unfortunately, none of the attempts to unscramble the ciphertext as an anagram or decrypt it using a Caesar cipher produced a single English word.",0,0,"1. jtdgis
2. jtsgid
3. sgjdit
4. idgtjs
5. tgisjd
",0,1.0
gjdtsi,beyond,6,5,"1. jtdgis
2. jtsgid
3. sgjdit
4. idgtjs
5. tgisjd

Now, I will try to decrypt the ciphertext using a Caesar cipher with different shifts.

1. Shift 1: fiestr
2. Shift 2: ehdrsQ
3. Shift 3: dgcrp
4. Shift 4: cfboq
5. Shift 5: beanp

Unfortunately, none of the attempts to unscramble the ciphertext as an anagram or decrypt it using a Caesar cipher produced a single English word.",0,1,"1. jtdgis
2. jtsgid
3. sgjdit
4. idgtjs
5. tgisjd

Now, I will try to decrypt the ciphertext using a",1,1.0
gjdtsi,beyond,6,5,"1. jtdgis
2. jtsgid
3. sgjdit
4. idgtjs
5. tgisjd

Now, I will try to decrypt the ciphertext using a Caesar cipher with different shifts.

1. Shift 1: fiestr
2. Shift 2: ehdrsQ
3. Shift 3: dgcrp
4. Shift 4: cfboq
5. Shift 5: beanp

Unfortunately, none of the attempts to unscramble the ciphertext as an anagram or decrypt it using a Caesar cipher produced a single English word.",0,2,"1. jtdgis
2. jtsgid
3. sgjdit
4. idgtjs
5. tgisjd

Now, I will try to decrypt the ciphertext using a Caesar cipher with different shifts.

1. Shift 1:",1,1.0
gjdtsi,beyond,6,5,"1. jtdgis
2. jtsgid
3. sgjdit
4. idgtjs
5. tgisjd

Now, I will try to decrypt the ciphertext using a Caesar cipher with different shifts.

1. Shift 1: fiestr
2. Shift 2: ehdrsQ
3. Shift 3: dgcrp
4. Shift 4: cfboq
5. Shift 5: beanp

Unfortunately, none of the attempts to unscramble the ciphertext as an anagram or decrypt it using a Caesar cipher produced a single English word.",0,3,"1. jtdgis
2. jtsgid
3. sgjdit
4. idgtjs
5. tgisjd

Now, I will try to decrypt the ciphertext using a Caesar cipher with different shifts.

1. Shift 1: fiestr
2. Shift 2: ehdrsQ
3. Shift 3: dgcrp
4. Sh",1,1.0
gjdtsi,beyond,6,5,"1. jtdgis
2. jtsgid
3. sgjdit
4. idgtjs
5. tgisjd

Now, I will try to decrypt the ciphertext using a Caesar cipher with different shifts.

1. Shift 1: fiestr
2. Shift 2: ehdrsQ
3. Shift 3: dgcrp
4. Shift 4: cfboq
5. Shift 5: beanp

Unfortunately, none of the attempts to unscramble the ciphertext as an anagram or decrypt it using a Caesar cipher produced a single English word.",0,4,"1. jtdgis
2. jtsgid
3. sgjdit
4. idgtjs
5. tgisjd

Now, I will try to decrypt the ciphertext using a Caesar cipher with different shifts.

1. Shift 1: fiestr
2. Shift 2: ehdrsQ
3. Shift 3: dgcrp
4. Shift 4: cfboq
5. Shift 5: beanp

Unfortunately, non",1,1.0
gjdtsi,beyond,6,5,"1. jtdgis
2. jtsgid
3. sgjdit
4. idgtjs
5. tgisjd

Now, I will try to decrypt the ciphertext using a Caesar cipher with different shifts.

1. Shift 1: fiestr
2. Shift 2: ehdrsQ
3. Shift 3: dgcrp
4. Shift 4: cfboq
5. Shift 5: beanp

Unfortunately, none of the attempts to unscramble the ciphertext as an anagram or decrypt it using a Caesar cipher produced a single English word.",0,5,"1. jtdgis
2. jtsgid
3. sgjdit
4. idgtjs
5. tgisjd

Now, I will try to decrypt the ciphertext using a Caesar cipher with different shifts.

1. Shift 1: fiestr
2. Shift 2: ehdrsQ
3. Shift 3: dgcrp
4. Shift 4: cfboq
5. Shift 5: beanp

Unfortunately, none of the attempts to unscramble the ciphertext as ",1,1.0
gjdtsi,beyond,6,5,"1. jtdgis
2. jtsgid
3. sgjdit
4. idgtjs
5. tgisjd

Now, I will try to decrypt the ciphertext using a Caesar cipher with different shifts.

1. Shift 1: fiestr
2. Shift 2: ehdrsQ
3. Shift 3: dgcrp
4. Shift 4: cfboq
5. Shift 5: beanp

Unfortunately, none of the attempts to unscramble the ciphertext as an anagram or decrypt it using a Caesar cipher produced a single English word.",0,6,"1. jtdgis
2. jtsgid
3. sgjdit
4. idgtjs
5. tgisjd

Now, I will try to decrypt the ciphertext using a Caesar cipher with different shifts.

1. Shift 1: fiestr
2. Shift 2: ehdrsQ
3. Shift 3: dgcrp
4. Shift 4: cfboq
5. Shift 5: beanp

Unfortunately, none of the attempts to unscramble the ciphertext as an anagram or decrypt it using a Caesar cipher pro",1,1.0
gjdtsi,beyond,6,5,"1. jtdgis
2. jtsgid
3. sgjdit
4. idgtjs
5. tgisjd

Now, I will try to decrypt the ciphertext using a Caesar cipher with different shifts.

1. Shift 1: fiestr
2. Shift 2: ehdrsQ
3. Shift 3: dgcrp
4. Shift 4: cfboq
5. Shift 5: beanp

Unfortunately, none of the attempts to unscramble the ciphertext as an anagram or decrypt it using a Caesar cipher produced a single English word.",0,7,"1. jtdgis
2. jtsgid
3. sgjdit
4. idgtjs
5. tgisjd

Now, I will try to decrypt the ciphertext using a Caesar cipher with different shifts.

1. Shift 1: fiestr
2. Shift 2: ehdrsQ
3. Shift 3: dgcrp
4. Shift 4: cfboq
5. Shift 5: beanp

Unfortunately, none of the attempts to unscramble the ciphertext as an anagram or decrypt it using a Caesar cipher produced a single English word.",1,1.0
